Downloading mill 1.1.0 from https://repo1.maven.org/maven2/com/lihaoyi/mill-dist/1.1.0/mill-dist-1.1.0.exe ...
  % Total    % Received % Xferd  Average Speed   Time    Time     Time  Current
                                 Dload  Upload   Total   Spent    Left  Speed

  0     0    0     0    0     0      0      0 --:--:-- --:--:-- --:--:--     0
100 23.5M  100 23.5M    0     0   117M      0 --:--:-- --:--:-- --:--:--  118M
Downloading https://repo1.maven.org/maven2/com/lihaoyi/mill-runner-daemon_3/1.1.0/mill-runner-daemon_3-1.1.0.pom
Downloaded https://repo1.maven.org/maven2/com/lihaoyi/mill-runner-daemon_3/1.1.0/mill-runner-daemon_3-1.1.0.pom
Downloading https://repo1.maven.org/maven2/com/lihaoyi/mill-libs-init_3/1.1.0/mill-libs-init_3-1.1.0.pom
Downloading https://repo1.maven.org/maven2/com/lihaoyi/sourcecode_3/0.4.4/sourcecode_3-0.4.4.pom
Downloading https://repo1.maven.org/maven2/com/lihaoyi/mill-core-eval_3/1.1.0/mill-core-eval_3-1.1.0.pom
Downloading https://repo1.maven.org/maven2/com/lihaoyi/os-lib_3/0.11.7/os-lib_3-0.11.7.pom
Downloading https://repo1.maven.org/maven2/com/lihaoyi/mill-runner-bsp-worker_3/1.1.0/mill-runner-bsp-worker_3-1.1.0.pom
Downloading https://repo1.maven.org/maven2/com/lihaoyi/mill-runner-server_3/1.1.0/mill-runner-server_3-1.1.0.pom
Downloaded https://repo1.maven.org/maven2/com/lihaoyi/mill-libs-init_3/1.1.0/mill-libs-init_3-1.1.0.pom
Downloading https://repo1.maven.org/maven2/com/lihaoyi/mill-runner-idea_3/1.1.0/mill-runner-idea_3-1.1.0.pom
Downloaded https://repo1.maven.org/maven2/com/lihaoyi/mill-runner-bsp-worker_3/1.1.0/mill-runner-bsp-worker_3-1.1.0.pom
Downloaded https://repo1.maven.org/maven2/com/lihaoyi/mill-core-eval_3/1.1.0/mill-core-eval_3-1.1.0.pom
Downloading https://repo1.maven.org/maven2/org/scala-lang/scala3-compiler_3/3.8.1/scala3-compiler_3-3.8.1.pom
Downloading https://repo1.maven.org/maven2/com/lihaoyi/mill-runner-bsp_3/1.1.0/mill-runner-bsp_3-1.1.0.pom
Downloaded https://repo1.maven.org/maven2/com/lihaoyi/sourcecode_3/0.4.4/sourcecode_3-0.4.4.pom
Downloading https://repo1.maven.org/maven2/org/scala-lang/scala3-library_3/3.8.1/scala3-library_3-3.8.1.pom
Downloaded https://repo1.maven.org/maven2/com/lihaoyi/mill-runner-server_3/1.1.0/mill-runner-server_3-1.1.0.pom
Downloading https://repo1.maven.org/maven2/com/lihaoyi/unroll-annotation_3/0.2.0/unroll-annotation_3-0.2.0.pom
Downloaded https://repo1.maven.org/maven2/com/lihaoyi/mill-runner-idea_3/1.1.0/mill-runner-idea_3-1.1.0.pom
Downloading https://repo1.maven.org/maven2/com/lihaoyi/pprint_3/0.9.6/pprint_3-0.9.6.pom
Downloaded https://repo1.maven.org/maven2/com/lihaoyi/os-lib_3/0.11.7/os-lib_3-0.11.7.pom
Downloading https://repo1.maven.org/maven2/com/lihaoyi/os-lib-watch_3/0.11.7/os-lib-watch_3-0.11.7.pom
Downloaded https://repo1.maven.org/maven2/org/scala-lang/scala3-compiler_3/3.8.1/scala3-compiler_3-3.8.1.pom
Downloading https://repo1.maven.org/maven2/org/scala-sbt/compiler-interface/2.0.0-M13/compiler-interface-2.0.0-M13.pom
Downloaded https://repo1.maven.org/maven2/org/scala-lang/scala3-library_3/3.8.1/scala3-library_3-3.8.1.pom
Downloading https://repo1.maven.org/maven2/com/lihaoyi/mill-runner-launcher_3/1.1.0/mill-runner-launcher_3-1.1.0.pom
Downloaded https://repo1.maven.org/maven2/com/lihaoyi/os-lib-watch_3/0.11.7/os-lib-watch_3-0.11.7.pom
Downloading https://repo1.maven.org/maven2/com/lihaoyi/upickle_3/4.4.2/upickle_3-4.4.2.pom
Downloaded https://repo1.maven.org/maven2/com/lihaoyi/mill-runner-bsp_3/1.1.0/mill-runner-bsp_3-1.1.0.pom
Downloading https://repo1.maven.org/maven2/com/lihaoyi/mill-runner-meta_3/1.1.0/mill-runner-meta_3-1.1.0.pom
Downloaded https://repo1.maven.org/maven2/com/lihaoyi/pprint_3/0.9.6/pprint_3-0.9.6.pom
Downloading https://repo1.maven.org/maven2/com/lihaoyi/fansi_3/0.5.1/fansi_3-0.5.1.pom
Downloaded https://repo1.maven.org/maven2/com/lihaoyi/unroll-annotation_3/0.2.0/unroll-annotation_3-0.2.0.pom
Downloading https://repo1.maven.org/maven2/com/lihaoyi/mill-libs-script_3/1.1.0/mill-libs-script_3-1.1.0.pom
Downloaded https://repo1.maven.org/maven2/org/scala-sbt/compiler-interface/2.0.0-M13/compiler-interface-2.0.0-M13.pom
Downloading https://repo1.maven.org/maven2/com/lihaoyi/mill-moduledefs_3/0.13.1/mill-moduledefs_3-0.13.1.pom
Downloaded https://repo1.maven.org/maven2/com/lihaoyi/mill-runner-meta_3/1.1.0/mill-runner-meta_3-1.1.0.pom
Downloading https://repo1.maven.org/maven2/com/lihaoyi/mill-runner-eclipse_3/1.1.0/mill-runner-eclipse_3-1.1.0.pom
Downloaded https://repo1.maven.org/maven2/com/lihaoyi/fansi_3/0.5.1/fansi_3-0.5.1.pom
Downloaded https://repo1.maven.org/maven2/com/lihaoyi/upickle_3/4.4.2/upickle_3-4.4.2.pom
Downloading https://repo1.maven.org/maven2/com/lihaoyi/mainargs_3/0.7.8/mainargs_3-0.7.8.pom
Downloaded https://repo1.maven.org/maven2/com/lihaoyi/mill-libs-script_3/1.1.0/mill-libs-script_3-1.1.0.pom
Downloaded https://repo1.maven.org/maven2/com/lihaoyi/mill-runner-launcher_3/1.1.0/mill-runner-launcher_3-1.1.0.pom
Downloaded https://repo1.maven.org/maven2/com/lihaoyi/mill-moduledefs_3/0.13.1/mill-moduledefs_3-0.13.1.pom
Downloaded https://repo1.maven.org/maven2/com/lihaoyi/mill-runner-eclipse_3/1.1.0/mill-runner-eclipse_3-1.1.0.pom
Downloaded https://repo1.maven.org/maven2/com/lihaoyi/mainargs_3/0.7.8/mainargs_3-0.7.8.pom
Downloading https://repo1.maven.org/maven2/com/lihaoyi/mill-core-api_3/1.1.0/mill-core-api_3-1.1.0.pom
Downloading https://repo1.maven.org/maven2/ch/qos/logback/logback-classic/1.5.24/logback-classic-1.5.24.pom
Downloading https://repo1.maven.org/maven2/net/java/dev/jna/jna/5.15.0/jna-5.15.0.pom
Downloading https://repo1.maven.org/maven2/com/lihaoyi/upickle-implicits_3/4.4.2/upickle-implicits_3-4.4.2.pom
Downloading https://repo1.maven.org/maven2/io/get-coursier/coursier-jvm_2.13/2.1.25-M23/coursier-jvm_2.13-2.1.25-M23.pom
Downloading https://repo1.maven.org/maven2/com/lihaoyi/geny_3/1.1.1/geny_3-1.1.1.pom
Downloaded https://repo1.maven.org/maven2/net/java/dev/jna/jna/5.15.0/jna-5.15.0.pom
Downloading https://repo1.maven.org/maven2/org/eclipse/jgit/org.eclipse.jgit/6.10.1.202505221210-r/org.eclipse.jgit-6.10.1.202505221210-r.pom
Downloaded https://repo1.maven.org/maven2/com/lihaoyi/geny_3/1.1.1/geny_3-1.1.1.pom
Downloading https://repo1.maven.org/maven2/com/lihaoyi/mill-libs-rpc_3/1.1.0/mill-libs-rpc_3-1.1.0.pom
Downloaded https://repo1.maven.org/maven2/com/lihaoyi/mill-core-api_3/1.1.0/mill-core-api_3-1.1.0.pom
Downloaded https://repo1.maven.org/maven2/ch/qos/logback/logback-classic/1.5.24/logback-classic-1.5.24.pom
Downloading https://repo1.maven.org/maven2/com/lihaoyi/ujson_3/4.4.2/ujson_3-4.4.2.pom
Downloading https://repo1.maven.org/maven2/org/scala-lang/scala3-interfaces/3.8.1/scala3-interfaces-3.8.1.pom
Downloaded https://repo1.maven.org/maven2/com/lihaoyi/upickle-implicits_3/4.4.2/upickle-implicits_3-4.4.2.pom
Downloading https://repo1.maven.org/maven2/com/lihaoyi/mill-runner-codesig_3/1.1.0/mill-runner-codesig_3-1.1.0.pom
Downloaded https://repo1.maven.org/maven2/org/eclipse/jgit/org.eclipse.jgit/6.10.1.202505221210-r/org.eclipse.jgit-6.10.1.202505221210-r.pom
Downloading https://repo1.maven.org/maven2/org/scala-lang/modules/scala-collection-compat_3/2.12.0/scala-collection-compat_3-2.12.0.pom
Downloaded https://repo1.maven.org/maven2/io/get-coursier/coursier-jvm_2.13/2.1.25-M23/coursier-jvm_2.13-2.1.25-M23.pom
Downloading https://repo1.maven.org/maven2/org/scala-sbt/util-interface/2.0.0-RC8/util-interface-2.0.0-RC8.pom
Downloaded https://repo1.maven.org/maven2/com/lihaoyi/mill-libs-rpc_3/1.1.0/mill-libs-rpc_3-1.1.0.pom
Downloading https://repo1.maven.org/maven2/org/scala-sbt/test-interface/1.0/test-interface-1.0.pom
Downloaded https://repo1.maven.org/maven2/com/lihaoyi/ujson_3/4.4.2/ujson_3-4.4.2.pom
Downloading https://repo1.maven.org/maven2/com/lihaoyi/mill-core-exec_3/1.1.0/mill-core-exec_3-1.1.0.pom
Downloaded https://repo1.maven.org/maven2/org/scala-lang/modules/scala-collection-compat_3/2.12.0/scala-collection-compat_3-2.12.0.pom
Downloading https://repo1.maven.org/maven2/com/lihaoyi/mill-core-internal_3/1.1.0/mill-core-internal_3-1.1.0.pom
Downloaded https://repo1.maven.org/maven2/org/scala-lang/scala3-interfaces/3.8.1/scala3-interfaces-3.8.1.pom
Downloading https://repo1.maven.org/maven2/com/lihaoyi/mill-libs-groovylib_3/1.1.0/mill-libs-groovylib_3-1.1.0.pom
Downloaded https://repo1.maven.org/maven2/com/lihaoyi/mill-runner-codesig_3/1.1.0/mill-runner-codesig_3-1.1.0.pom
Downloading https://repo1.maven.org/maven2/org/scala-lang/modules/scala-xml_3/2.4.0/scala-xml_3-2.4.0.pom
Downloaded https://repo1.maven.org/maven2/org/scala-sbt/util-interface/2.0.0-RC8/util-interface-2.0.0-RC8.pom
Downloading https://repo1.maven.org/maven2/com/lihaoyi/mill-libs-util_3/1.1.0/mill-libs-util_3-1.1.0.pom
Downloaded https://repo1.maven.org/maven2/org/scala-sbt/test-interface/1.0/test-interface-1.0.pom
Downloading https://repo1.maven.org/maven2/com/lihaoyi/os-zip/0.11.7/os-zip-0.11.7.pom
Downloaded https://repo1.maven.org/maven2/com/lihaoyi/mill-core-internal_3/1.1.0/mill-core-internal_3-1.1.0.pom
Downloading https://repo1.maven.org/maven2/com/lihaoyi/upack_3/4.4.2/upack_3-4.4.2.pom
Downloaded https://repo1.maven.org/maven2/com/lihaoyi/mill-core-exec_3/1.1.0/mill-core-exec_3-1.1.0.pom
Downloading https://repo1.maven.org/maven2/org/scala-lang/scala-library/3.8.1/scala-library-3.8.1.pom
Downloaded https://repo1.maven.org/maven2/com/lihaoyi/os-zip/0.11.7/os-zip-0.11.7.pom
Downloading https://repo1.maven.org/maven2/com/lihaoyi/mill-core-api-daemon_3/1.1.0/mill-core-api-daemon_3-1.1.0.pom
Downloaded https://repo1.maven.org/maven2/com/lihaoyi/mill-libs-util_3/1.1.0/mill-libs-util_3-1.1.0.pom
Downloading https://repo1.maven.org/maven2/org/scala-lang/tasty-core_3/3.8.1/tasty-core_3-3.8.1.pom
Downloaded https://repo1.maven.org/maven2/com/lihaoyi/mill-libs-groovylib_3/1.1.0/mill-libs-groovylib_3-1.1.0.pom
Downloading https://repo1.maven.org/maven2/ch/epfl/scala/bsp4j/2.2.0-M2/bsp4j-2.2.0-M2.pom
Downloaded https://repo1.maven.org/maven2/com/lihaoyi/upack_3/4.4.2/upack_3-4.4.2.pom
Downloading https://repo1.maven.org/maven2/com/google/code/gson/gson/2.13.2/gson-2.13.2.pom
Downloaded https://repo1.maven.org/maven2/org/scala-lang/modules/scala-xml_3/2.4.0/scala-xml_3-2.4.0.pom
Downloading https://repo1.maven.org/maven2/com/lihaoyi/mill-libs-kotlinlib_3/1.1.0/mill-libs-kotlinlib_3-1.1.0.pom
Downloaded https://repo1.maven.org/maven2/org/scala-lang/scala-library/3.8.1/scala-library-3.8.1.pom
Downloading https://repo1.maven.org/maven2/org/scala-lang/modules/scala-asm/9.9.0-scala-1/scala-asm-9.9.0-scala-1.pom
Downloaded https://repo1.maven.org/maven2/com/lihaoyi/mill-core-api-daemon_3/1.1.0/mill-core-api-daemon_3-1.1.0.pom
Downloading https://repo1.maven.org/maven2/com/lihaoyi/mill-libs-daemon-server_3/1.1.0/mill-libs-daemon-server_3-1.1.0.pom
Downloaded https://repo1.maven.org/maven2/org/scala-lang/tasty-core_3/3.8.1/tasty-core_3-3.8.1.pom
Downloading https://repo1.maven.org/maven2/com/lihaoyi/mill-core-resolve_3/1.1.0/mill-core-resolve_3-1.1.0.pom
Downloaded https://repo1.maven.org/maven2/ch/epfl/scala/bsp4j/2.2.0-M2/bsp4j-2.2.0-M2.pom
Downloading https://repo1.maven.org/maven2/io/github/alexarchambault/native-terminal/native-terminal-no-ffm/0.0.9.1/native-terminal-no-ffm-0.0.9.1.pom
Downloaded https://repo1.maven.org/maven2/com/lihaoyi/mill-libs-kotlinlib_3/1.1.0/mill-libs-kotlinlib_3-1.1.0.pom
Downloading https://repo1.maven.org/maven2/com/lihaoyi/mill-libs-scalalib_3/1.1.0/mill-libs-scalalib_3-1.1.0.pom
Downloaded https://repo1.maven.org/maven2/org/scala-lang/modules/scala-asm/9.9.0-scala-1/scala-asm-9.9.0-scala-1.pom
Downloaded https://repo1.maven.org/maven2/com/lihaoyi/mill-libs-daemon-server_3/1.1.0/mill-libs-daemon-server_3-1.1.0.pom
Downloaded https://repo1.maven.org/maven2/com/lihaoyi/mill-core-resolve_3/1.1.0/mill-core-resolve_3-1.1.0.pom
Downloaded https://repo1.maven.org/maven2/io/github/alexarchambault/native-terminal/native-terminal-no-ffm/0.0.9.1/native-terminal-no-ffm-0.0.9.1.pom
Downloaded https://repo1.maven.org/maven2/com/google/code/gson/gson/2.13.2/gson-2.13.2.pom
Downloaded https://repo1.maven.org/maven2/com/lihaoyi/mill-libs-scalalib_3/1.1.0/mill-libs-scalalib_3-1.1.0.pom
Downloading https://repo1.maven.org/maven2/ch/qos/logback/logback-parent/1.5.24/logback-parent-1.5.24.pom
Downloading https://repo1.maven.org/maven2/com/google/code/gson/gson-parent/2.13.2/gson-parent-2.13.2.pom
Downloading https://repo1.maven.org/maven2/org/eclipse/jgit/org.eclipse.jgit-parent/6.10.1.202505221210-r/org.eclipse.jgit-parent-6.10.1.202505221210-r.pom
Downloaded https://repo1.maven.org/maven2/com/google/code/gson/gson-parent/2.13.2/gson-parent-2.13.2.pom
Downloaded https://repo1.maven.org/maven2/org/eclipse/jgit/org.eclipse.jgit-parent/6.10.1.202505221210-r/org.eclipse.jgit-parent-6.10.1.202505221210-r.pom
Downloaded https://repo1.maven.org/maven2/ch/qos/logback/logback-parent/1.5.24/logback-parent-1.5.24.pom
Downloading https://repo1.maven.org/maven2/com/lihaoyi/mill-core-internal-cli_3/1.1.0/mill-core-internal-cli_3-1.1.0.pom
Downloading https://repo1.maven.org/maven2/guru/nidi/graphviz-java-min-deps/0.18.1/graphviz-java-min-deps-0.18.1.pom
Downloading https://repo1.maven.org/maven2/com/googlecode/javaewah/JavaEWAH/1.2.3/JavaEWAH-1.2.3.pom
Downloading https://repo1.maven.org/maven2/io/get-coursier/coursier-util_2.13/2.1.25-M23/coursier-util_2.13-2.1.25-M23.pom
Downloading https://repo1.maven.org/maven2/io/get-coursier/coursier-paths/2.1.25-M23/coursier-paths-2.1.25-M23.pom
Downloading https://repo1.maven.org/maven2/com/lihaoyi/requests_3/0.9.2/requests_3-0.9.2.pom
Downloaded https://repo1.maven.org/maven2/guru/nidi/graphviz-java-min-deps/0.18.1/graphviz-java-min-deps-0.18.1.pom
Downloaded https://repo1.maven.org/maven2/com/lihaoyi/mill-core-internal-cli_3/1.1.0/mill-core-internal-cli_3-1.1.0.pom
Downloading https://repo1.maven.org/maven2/org/jline/jline-native/3.29.0/jline-native-3.29.0.pom
Downloaded https://repo1.maven.org/maven2/com/lihaoyi/requests_3/0.9.2/requests_3-0.9.2.pom
Downloading https://repo1.maven.org/maven2/io/get-coursier/versions_2.13/0.5.1/versions_2.13-0.5.1.pom
Downloading https://repo1.maven.org/maven2/com/lumidion/sonatype-central-client-requests_3/0.6.0/sonatype-central-client-requests_3-0.6.0.pom
Downloaded https://repo1.maven.org/maven2/io/get-coursier/coursier-paths/2.1.25-M23/coursier-paths-2.1.25-M23.pom
Downloading https://repo1.maven.org/maven2/io/github/alexarchambault/is-terminal/0.1.2/is-terminal-0.1.2.pom
Downloaded https://repo1.maven.org/maven2/com/googlecode/javaewah/JavaEWAH/1.2.3/JavaEWAH-1.2.3.pom
Downloading https://repo1.maven.org/maven2/com/lihaoyi/mill-libs-kotlinlib-api_3/1.1.0/mill-libs-kotlinlib-api_3-1.1.0.pom
Downloaded https://repo1.maven.org/maven2/org/jline/jline-native/3.29.0/jline-native-3.29.0.pom
Downloaded https://repo1.maven.org/maven2/io/get-coursier/coursier-util_2.13/2.1.25-M23/coursier-util_2.13-2.1.25-M23.pom
Downloading https://repo1.maven.org/maven2/com/lihaoyi/mill-libs-groovylib-api_3/1.1.0/mill-libs-groovylib-api_3-1.1.0.pom
Downloading https://repo1.maven.org/maven2/org/ow2/asm/asm-tree/9.9.1/asm-tree-9.9.1.pom
Downloaded https://repo1.maven.org/maven2/io/get-coursier/versions_2.13/0.5.1/versions_2.13-0.5.1.pom
Downloading https://repo1.maven.org/maven2/com/lihaoyi/fastparse_3/3.1.1/fastparse_3-3.1.1.pom
Downloaded https://repo1.maven.org/maven2/com/lumidion/sonatype-central-client-requests_3/0.6.0/sonatype-central-client-requests_3-0.6.0.pom
Downloaded https://repo1.maven.org/maven2/io/github/alexarchambault/is-terminal/0.1.2/is-terminal-0.1.2.pom
Downloading https://repo1.maven.org/maven2/io/get-coursier/coursier-exec/2.1.25-M23/coursier-exec-2.1.25-M23.pom
Downloading https://repo1.maven.org/maven2/org/jgrapht/jgrapht-core/1.4.0/jgrapht-core-1.4.0.pom
Downloaded https://repo1.maven.org/maven2/com/lihaoyi/fastparse_3/3.1.1/fastparse_3-3.1.1.pom
Downloading https://repo1.maven.org/maven2/org/snakeyaml/snakeyaml-engine/3.0.1/snakeyaml-engine-3.0.1.pom
Downloaded https://repo1.maven.org/maven2/org/jgrapht/jgrapht-core/1.4.0/jgrapht-core-1.4.0.pom
Downloaded https://repo1.maven.org/maven2/org/ow2/asm/asm-tree/9.9.1/asm-tree-9.9.1.pom
Downloading https://repo1.maven.org/maven2/commons-codec/commons-codec/1.17.0/commons-codec-1.17.0.pom
Downloaded https://repo1.maven.org/maven2/io/get-coursier/coursier-exec/2.1.25-M23/coursier-exec-2.1.25-M23.pom
Downloading https://repo1.maven.org/maven2/com/lihaoyi/upickle-implicits-named-tuples_3/4.4.2/upickle-implicits-named-tuples_3-4.4.2.pom
Downloading https://repo1.maven.org/maven2/org/slf4j/slf4j-api/2.0.17/slf4j-api-2.0.17.pom
Downloaded https://repo1.maven.org/maven2/com/lihaoyi/mill-libs-kotlinlib-api_3/1.1.0/mill-libs-kotlinlib-api_3-1.1.0.pom
Downloaded https://repo1.maven.org/maven2/com/lihaoyi/mill-libs-groovylib-api_3/1.1.0/mill-libs-groovylib-api_3-1.1.0.pom
Downloading https://repo1.maven.org/maven2/ch/qos/logback/logback-core/1.5.24/logback-core-1.5.24.pom
Downloading https://repo1.maven.org/maven2/org/scala-lang/scala-reflect/2.13.18/scala-reflect-2.13.18.pom
Downloaded https://repo1.maven.org/maven2/org/snakeyaml/snakeyaml-engine/3.0.1/snakeyaml-engine-3.0.1.pom
Downloaded https://repo1.maven.org/maven2/commons-codec/commons-codec/1.17.0/commons-codec-1.17.0.pom
Downloading https://repo1.maven.org/maven2/com/lihaoyi/upickle-core_3/4.4.2/upickle-core_3-4.4.2.pom
Downloading https://repo1.maven.org/maven2/io/get-coursier/coursier-archive-cache_2.13/2.1.25-M23/coursier-archive-cache_2.13-2.1.25-M23.pom
Downloaded https://repo1.maven.org/maven2/org/slf4j/slf4j-api/2.0.17/slf4j-api-2.0.17.pom
Downloading https://repo1.maven.org/maven2/com/lihaoyi/mill-libs-javalib_3/1.1.0/mill-libs-javalib_3-1.1.0.pom
Downloaded https://repo1.maven.org/maven2/org/scala-lang/scala-reflect/2.13.18/scala-reflect-2.13.18.pom
Downloading https://repo1.maven.org/maven2/io/get-coursier/coursier-env_2.13/2.1.25-M23/coursier-env_2.13-2.1.25-M23.pom
Downloaded https://repo1.maven.org/maven2/com/lihaoyi/upickle-implicits-named-tuples_3/4.4.2/upickle-implicits-named-tuples_3-4.4.2.pom
Downloading https://repo1.maven.org/maven2/com/lihaoyi/mill-core-constants/1.1.0/mill-core-constants-1.1.0.pom
Downloaded https://repo1.maven.org/maven2/ch/qos/logback/logback-core/1.5.24/logback-core-1.5.24.pom
Downloading https://repo1.maven.org/maven2/com/lihaoyi/mill-libs-javalib-testrunner_3/1.1.0/mill-libs-javalib-testrunner_3-1.1.0.pom
Downloaded https://repo1.maven.org/maven2/com/lihaoyi/upickle-core_3/4.4.2/upickle-core_3-4.4.2.pom
Downloading https://repo1.maven.org/maven2/io/get-coursier/coursier-cache_2.13/2.1.25-M23/coursier-cache_2.13-2.1.25-M23.pom
Downloaded https://repo1.maven.org/maven2/io/get-coursier/coursier-archive-cache_2.13/2.1.25-M23/coursier-archive-cache_2.13-2.1.25-M23.pom
Downloading https://repo1.maven.org/maven2/io/get-coursier/coursier_2.13/2.1.25-M23/coursier_2.13-2.1.25-M23.pom
Downloaded https://repo1.maven.org/maven2/com/lihaoyi/mill-libs-javalib_3/1.1.0/mill-libs-javalib_3-1.1.0.pom
Downloading https://repo1.maven.org/maven2/com/google/errorprone/error_prone_annotations/2.41.0/error_prone_annotations-2.41.0.pom
Downloaded https://repo1.maven.org/maven2/io/get-coursier/coursier-env_2.13/2.1.25-M23/coursier-env_2.13-2.1.25-M23.pom
Downloading https://repo1.maven.org/maven2/org/eclipse/lsp4j/org.eclipse.lsp4j.jsonrpc/0.20.1/org.eclipse.lsp4j.jsonrpc-0.20.1.pom
Downloaded https://repo1.maven.org/maven2/com/lihaoyi/mill-core-constants/1.1.0/mill-core-constants-1.1.0.pom
Downloaded https://repo1.maven.org/maven2/com/lihaoyi/mill-libs-javalib-testrunner_3/1.1.0/mill-libs-javalib-testrunner_3-1.1.0.pom
Downloading https://repo1.maven.org/maven2/com/lihaoyi/mill-libs-kotlinlib-ksp2-api_3/1.1.0/mill-libs-kotlinlib-ksp2-api_3-1.1.0.pom
Downloading https://repo1.maven.org/maven2/com/github/plokhotnyuk/jsoniter-scala/jsoniter-scala-core_2.13/2.13.5/jsoniter-scala-core_2.13-2.13.5.pom
Downloaded https://repo1.maven.org/maven2/io/get-coursier/coursier_2.13/2.1.25-M23/coursier_2.13-2.1.25-M23.pom
Downloading https://repo1.maven.org/maven2/org/eclipse/lsp4j/org.eclipse.lsp4j.generator/0.20.1/org.eclipse.lsp4j.generator-0.20.1.pom
Downloaded https://repo1.maven.org/maven2/com/google/errorprone/error_prone_annotations/2.41.0/error_prone_annotations-2.41.0.pom
Downloading https://repo1.maven.org/maven2/com/lihaoyi/mill-core-api-java11_3/1.1.0/mill-core-api-java11_3-1.1.0.pom
Downloaded https://repo1.maven.org/maven2/org/eclipse/lsp4j/org.eclipse.lsp4j.jsonrpc/0.20.1/org.eclipse.lsp4j.jsonrpc-0.20.1.pom
Downloading https://repo1.maven.org/maven2/com/lihaoyi/mill-libs-daemon-client_3/1.1.0/mill-libs-daemon-client_3-1.1.0.pom
Downloaded https://repo1.maven.org/maven2/com/lihaoyi/mill-libs-kotlinlib-ksp2-api_3/1.1.0/mill-libs-kotlinlib-ksp2-api_3-1.1.0.pom
Downloading https://repo1.maven.org/maven2/io/get-coursier/coursier-core_2.13/2.1.25-M23/coursier-core_2.13-2.1.25-M23.pom
Downloaded https://repo1.maven.org/maven2/org/eclipse/lsp4j/org.eclipse.lsp4j.generator/0.20.1/org.eclipse.lsp4j.generator-0.20.1.pom
Downloading https://repo1.maven.org/maven2/org/jline/jline/3.30.6/jline-3.30.6.pom
Downloaded https://repo1.maven.org/maven2/com/github/plokhotnyuk/jsoniter-scala/jsoniter-scala-core_2.13/2.13.5/jsoniter-scala-core_2.13-2.13.5.pom
Downloaded https://repo1.maven.org/maven2/io/get-coursier/coursier-cache_2.13/2.1.25-M23/coursier-cache_2.13-2.1.25-M23.pom
Downloaded https://repo1.maven.org/maven2/com/lihaoyi/mill-core-api-java11_3/1.1.0/mill-core-api-java11_3-1.1.0.pom
Downloaded https://repo1.maven.org/maven2/io/get-coursier/coursier-core_2.13/2.1.25-M23/coursier-core_2.13-2.1.25-M23.pom
Downloaded https://repo1.maven.org/maven2/com/lihaoyi/mill-libs-daemon-client_3/1.1.0/mill-libs-daemon-client_3-1.1.0.pom
Downloaded https://repo1.maven.org/maven2/org/jline/jline/3.30.6/jline-3.30.6.pom
Downloading https://repo1.maven.org/maven2/guru/nidi/graphviz-java-parent/0.18.1/graphviz-java-parent-0.18.1.pom
Downloading https://repo1.maven.org/maven2/org/sonatype/oss/oss-parent/5/oss-parent-5.pom
Downloading https://repo1.maven.org/maven2/org/jline/jline-parent/3.29.0/jline-parent-3.29.0.pom
Downloading https://repo1.maven.org/maven2/org/jgrapht/jgrapht/1.4.0/jgrapht-1.4.0.pom
Downloading https://repo1.maven.org/maven2/com/google/errorprone/error_prone_parent/2.41.0/error_prone_parent-2.41.0.pom
Downloading https://repo1.maven.org/maven2/org/apache/commons/commons-parent/69/commons-parent-69.pom
Downloaded https://repo1.maven.org/maven2/org/jgrapht/jgrapht/1.4.0/jgrapht-1.4.0.pom
Downloading https://repo1.maven.org/maven2/org/ow2/ow2/1.5.1/ow2-1.5.1.pom
Downloaded https://repo1.maven.org/maven2/org/sonatype/oss/oss-parent/5/oss-parent-5.pom
Downloaded https://repo1.maven.org/maven2/guru/nidi/graphviz-java-parent/0.18.1/graphviz-java-parent-0.18.1.pom
Downloaded https://repo1.maven.org/maven2/com/google/errorprone/error_prone_parent/2.41.0/error_prone_parent-2.41.0.pom
Downloading https://repo1.maven.org/maven2/org/slf4j/slf4j-parent/2.0.17/slf4j-parent-2.0.17.pom
Downloaded https://repo1.maven.org/maven2/org/jline/jline-parent/3.29.0/jline-parent-3.29.0.pom
Downloaded https://repo1.maven.org/maven2/org/slf4j/slf4j-parent/2.0.17/slf4j-parent-2.0.17.pom
Downloaded https://repo1.maven.org/maven2/org/ow2/ow2/1.5.1/ow2-1.5.1.pom
Downloaded https://repo1.maven.org/maven2/org/apache/commons/commons-parent/69/commons-parent-69.pom
Downloading https://repo1.maven.org/maven2/org/slf4j/slf4j-bom/2.0.17/slf4j-bom-2.0.17.pom
Downloading https://repo1.maven.org/maven2/org/apache/apache/31/apache-31.pom
Downloading https://repo1.maven.org/maven2/guru/nidi/guru-nidi-parent-pom/1.1.36/guru-nidi-parent-pom-1.1.36.pom
Downloading https://repo1.maven.org/maven2/org/sonatype/oss/oss-parent/7/oss-parent-7.pom
Downloaded https://repo1.maven.org/maven2/org/slf4j/slf4j-bom/2.0.17/slf4j-bom-2.0.17.pom
Downloaded https://repo1.maven.org/maven2/org/sonatype/oss/oss-parent/7/oss-parent-7.pom
Downloaded https://repo1.maven.org/maven2/guru/nidi/guru-nidi-parent-pom/1.1.36/guru-nidi-parent-pom-1.1.36.pom
Downloaded https://repo1.maven.org/maven2/org/apache/apache/31/apache-31.pom
Downloading https://repo1.maven.org/maven2/org/junit/junit-bom/5.10.2/junit-bom-5.10.2.pom
Downloaded https://repo1.maven.org/maven2/org/junit/junit-bom/5.10.2/junit-bom-5.10.2.pom
Downloading https://repo1.maven.org/maven2/io/get-coursier/coursier-proxy-setup/2.1.25-M23/coursier-proxy-setup-2.1.25-M23.pom
Downloading https://repo1.maven.org/maven2/org/apache/tika/tika-core/3.2.3/tika-core-3.2.3.pom
Downloading https://repo1.maven.org/maven2/com/lihaoyi/mill-libs-javalib-api_3/1.1.0/mill-libs-javalib-api_3-1.1.0.pom
Downloading https://repo1.maven.org/maven2/guru/nidi/graphviz-java/0.18.1/graphviz-java-0.18.1.pom
Downloading https://repo1.maven.org/maven2/io/get-coursier/jniutils/windows-jni-utils/0.3.3/windows-jni-utils-0.3.3.pom
Downloading https://repo1.maven.org/maven2/com/lumidion/sonatype-central-client-upickle_3/0.6.0/sonatype-central-client-upickle_3-0.6.0.pom
Downloaded https://repo1.maven.org/maven2/io/get-coursier/coursier-proxy-setup/2.1.25-M23/coursier-proxy-setup-2.1.25-M23.pom
Downloading https://repo1.maven.org/maven2/io/get-coursier/dependency_2.13/0.3.2/dependency_2.13-0.3.2.pom
Downloaded https://repo1.maven.org/maven2/io/get-coursier/jniutils/windows-jni-utils/0.3.3/windows-jni-utils-0.3.3.pom
Downloading https://repo1.maven.org/maven2/com/lumidion/sonatype-central-client-core_3/0.6.0/sonatype-central-client-core_3-0.6.0.pom
Downloaded https://repo1.maven.org/maven2/org/apache/tika/tika-core/3.2.3/tika-core-3.2.3.pom
Downloading https://repo1.maven.org/maven2/org/scala-lang/modules/scala-collection-compat_2.13/2.13.0/scala-collection-compat_2.13-2.13.0.pom
Downloaded https://repo1.maven.org/maven2/guru/nidi/graphviz-java/0.18.1/graphviz-java-0.18.1.pom
Downloading https://repo1.maven.org/maven2/org/codehaus/plexus/plexus-container-default/2.1.1/plexus-container-default-2.1.1.pom
Downloaded https://repo1.maven.org/maven2/com/lihaoyi/mill-libs-javalib-api_3/1.1.0/mill-libs-javalib-api_3-1.1.0.pom
Downloading https://repo1.maven.org/maven2/org/eclipse/xtend/org.eclipse.xtend.lib/2.28.0/org.eclipse.xtend.lib-2.28.0.pom
Downloaded https://repo1.maven.org/maven2/io/get-coursier/dependency_2.13/0.3.2/dependency_2.13-0.3.2.pom
Downloading https://repo1.maven.org/maven2/com/github/luben/zstd-jni/1.5.7-4/zstd-jni-1.5.7-4.pom
Downloaded https://repo1.maven.org/maven2/com/lumidion/sonatype-central-client-upickle_3/0.6.0/sonatype-central-client-upickle_3-0.6.0.pom
Downloading https://repo1.maven.org/maven2/org/ow2/asm/asm/9.9.1/asm-9.9.1.pom
Downloaded https://repo1.maven.org/maven2/org/scala-lang/modules/scala-collection-compat_2.13/2.13.0/scala-collection-compat_2.13-2.13.0.pom
Downloading https://repo1.maven.org/maven2/org/jheaps/jheaps/0.11/jheaps-0.11.pom
Downloaded https://repo1.maven.org/maven2/com/lumidion/sonatype-central-client-core_3/0.6.0/sonatype-central-client-core_3-0.6.0.pom
Downloading https://repo1.maven.org/maven2/com/lihaoyi/mill-libs-javalib-testrunner-entrypoint/1.1.0/mill-libs-javalib-testrunner-entrypoint-1.1.0.pom
Downloaded https://repo1.maven.org/maven2/org/codehaus/plexus/plexus-container-default/2.1.1/plexus-container-default-2.1.1.pom
Downloading https://repo1.maven.org/maven2/com/lihaoyi/mill-libs-util-java11_3/1.1.0/mill-libs-util-java11_3-1.1.0.pom
Downloaded https://repo1.maven.org/maven2/org/eclipse/xtend/org.eclipse.xtend.lib/2.28.0/org.eclipse.xtend.lib-2.28.0.pom
Downloading https://repo1.maven.org/maven2/org/codehaus/plexus/plexus-archiver/4.10.1/plexus-archiver-4.10.1.pom
Downloaded https://repo1.maven.org/maven2/com/github/luben/zstd-jni/1.5.7-4/zstd-jni-1.5.7-4.pom
Downloading https://repo1.maven.org/maven2/net/java/dev/jna/jna/5.17.0/jna-5.17.0.pom
Downloaded https://repo1.maven.org/maven2/org/ow2/asm/asm/9.9.1/asm-9.9.1.pom
Downloaded https://repo1.maven.org/maven2/org/jheaps/jheaps/0.11/jheaps-0.11.pom
Downloaded https://repo1.maven.org/maven2/com/lihaoyi/mill-libs-javalib-testrunner-entrypoint/1.1.0/mill-libs-javalib-testrunner-entrypoint-1.1.0.pom
Downloaded https://repo1.maven.org/maven2/com/lihaoyi/mill-libs-util-java11_3/1.1.0/mill-libs-util-java11_3-1.1.0.pom
Downloaded https://repo1.maven.org/maven2/org/codehaus/plexus/plexus-archiver/4.10.1/plexus-archiver-4.10.1.pom
Downloaded https://repo1.maven.org/maven2/net/java/dev/jna/jna/5.17.0/jna-5.17.0.pom
Downloading https://repo1.maven.org/maven2/org/codehaus/plexus/plexus/23/plexus-23.pom
Downloading https://repo1.maven.org/maven2/org/codehaus/plexus/plexus-containers/2.1.1/plexus-containers-2.1.1.pom
Downloading https://repo1.maven.org/maven2/org/apache/tika/tika-parent/3.2.3/tika-parent-3.2.3.pom
Downloading https://repo1.maven.org/maven2/org/eclipse/xtext/xtext-dev-bom/2.28.0/xtext-dev-bom-2.28.0.pom
Downloaded https://repo1.maven.org/maven2/org/codehaus/plexus/plexus-containers/2.1.1/plexus-containers-2.1.1.pom
Downloaded https://repo1.maven.org/maven2/org/eclipse/xtext/xtext-dev-bom/2.28.0/xtext-dev-bom-2.28.0.pom
Downloaded https://repo1.maven.org/maven2/org/codehaus/plexus/plexus/23/plexus-23.pom
Downloaded https://repo1.maven.org/maven2/org/apache/tika/tika-parent/3.2.3/tika-parent-3.2.3.pom
Downloading https://repo1.maven.org/maven2/org/apache/apache/35/apache-35.pom
Downloading https://repo1.maven.org/maven2/org/junit/junit-bom/5.13.4/junit-bom-5.13.4.pom
Downloading https://repo1.maven.org/maven2/org/codehaus/plexus/plexus/6.5/plexus-6.5.pom
Downloaded https://repo1.maven.org/maven2/org/apache/apache/35/apache-35.pom
Downloaded https://repo1.maven.org/maven2/org/codehaus/plexus/plexus/6.5/plexus-6.5.pom
Downloaded https://repo1.maven.org/maven2/org/junit/junit-bom/5.13.4/junit-bom-5.13.4.pom
Downloading https://repo1.maven.org/maven2/software/amazon/awssdk/bom/2.33.4/bom-2.33.4.pom
Downloading https://repo1.maven.org/maven2/io/netty/netty-bom/4.2.6.Final/netty-bom-4.2.6.Final.pom
Downloading https://repo1.maven.org/maven2/org/apache/cxf/cxf-bom/4.0.9/cxf-bom-4.0.9.pom
Downloading https://repo1.maven.org/maven2/com/fasterxml/jackson/jackson-bom/2.20.0/jackson-bom-2.20.0.pom
Downloading https://repo1.maven.org/maven2/org/apache/logging/log4j/log4j-bom/2.25.1/log4j-bom-2.25.1.pom
Downloading https://repo1.maven.org/maven2/com/amazonaws/aws-java-sdk-bom/1.12.791/aws-java-sdk-bom-1.12.791.pom
Downloaded https://repo1.maven.org/maven2/io/netty/netty-bom/4.2.6.Final/netty-bom-4.2.6.Final.pom
Downloading https://repo1.maven.org/maven2/org/eclipse/jetty/jetty-bom/11.0.26/jetty-bom-11.0.26.pom
Downloaded https://repo1.maven.org/maven2/org/apache/logging/log4j/log4j-bom/2.25.1/log4j-bom-2.25.1.pom
Downloading https://repo1.maven.org/maven2/org/testcontainers/testcontainers-bom/1.21.3/testcontainers-bom-1.21.3.pom
Downloaded https://repo1.maven.org/maven2/software/amazon/awssdk/bom/2.33.4/bom-2.33.4.pom
Downloaded https://repo1.maven.org/maven2/com/amazonaws/aws-java-sdk-bom/1.12.791/aws-java-sdk-bom-1.12.791.pom
Downloaded https://repo1.maven.org/maven2/com/fasterxml/jackson/jackson-bom/2.20.0/jackson-bom-2.20.0.pom
Downloaded https://repo1.maven.org/maven2/org/testcontainers/testcontainers-bom/1.21.3/testcontainers-bom-1.21.3.pom
Downloaded https://repo1.maven.org/maven2/org/eclipse/jetty/jetty-bom/11.0.26/jetty-bom-11.0.26.pom
Downloaded https://repo1.maven.org/maven2/org/apache/cxf/cxf-bom/4.0.9/cxf-bom-4.0.9.pom
Downloading https://repo1.maven.org/maven2/com/fasterxml/jackson/jackson-parent/2.20/jackson-parent-2.20.pom
Downloading https://repo1.maven.org/maven2/software/amazon/awssdk/aws-sdk-java-pom/2.33.4/aws-sdk-java-pom-2.33.4.pom
Downloading https://repo1.maven.org/maven2/org/apache/cxf/cxf/4.0.9/cxf-4.0.9.pom
Downloading https://repo1.maven.org/maven2/com/amazonaws/aws-java-sdk-pom/1.12.791/aws-java-sdk-pom-1.12.791.pom
Downloaded https://repo1.maven.org/maven2/com/fasterxml/jackson/jackson-parent/2.20/jackson-parent-2.20.pom
Downloaded https://repo1.maven.org/maven2/com/amazonaws/aws-java-sdk-pom/1.12.791/aws-java-sdk-pom-1.12.791.pom
Downloaded https://repo1.maven.org/maven2/org/apache/cxf/cxf/4.0.9/cxf-4.0.9.pom
Downloaded https://repo1.maven.org/maven2/software/amazon/awssdk/aws-sdk-java-pom/2.33.4/aws-sdk-java-pom-2.33.4.pom
Downloading https://repo1.maven.org/maven2/com/fasterxml/oss-parent/70/oss-parent-70.pom
Downloaded https://repo1.maven.org/maven2/com/fasterxml/oss-parent/70/oss-parent-70.pom
Downloading https://repo1.maven.org/maven2/io/github/alexarchambault/windows-ansi/windows-ansi/0.0.6/windows-ansi-0.0.6.pom
Downloading https://repo1.maven.org/maven2/commons-io/commons-io/2.20.0/commons-io-2.20.0.pom
Downloading https://repo1.maven.org/maven2/io/get-coursier/cache-util/2.1.25-M23/cache-util-2.1.25-M23.pom
Downloading https://repo1.maven.org/maven2/org/apache/commons/commons-compress/1.28.0/commons-compress-1.28.0.pom
Downloading https://repo1.maven.org/maven2/org/scala-lang/modules/scala-xml_2.13/2.4.0/scala-xml_2.13-2.4.0.pom
Downloading https://repo1.maven.org/maven2/io/airlift/aircompressor/0.27/aircompressor-0.27.pom
Downloaded https://repo1.maven.org/maven2/io/github/alexarchambault/windows-ansi/windows-ansi/0.0.6/windows-ansi-0.0.6.pom
Downloading https://repo1.maven.org/maven2/io/github/alexarchambault/concurrent-reference-hash-map/1.1.0/concurrent-reference-hash-map-1.1.0.pom
Downloaded https://repo1.maven.org/maven2/org/scala-lang/modules/scala-xml_2.13/2.4.0/scala-xml_2.13-2.4.0.pom
Downloading https://repo1.maven.org/maven2/com/google/code/findbugs/jsr305/3.0.2/jsr305-3.0.2.pom
Downloaded https://repo1.maven.org/maven2/org/apache/commons/commons-compress/1.28.0/commons-compress-1.28.0.pom
Downloaded https://repo1.maven.org/maven2/io/airlift/aircompressor/0.27/aircompressor-0.27.pom
Downloading https://repo1.maven.org/maven2/org/eclipse/xtend/org.eclipse.xtend.lib.macro/2.28.0/org.eclipse.xtend.lib.macro-2.28.0.pom
Downloading https://repo1.maven.org/maven2/org/tukaani/xz/1.10/xz-1.10.pom
Downloaded https://repo1.maven.org/maven2/io/get-coursier/cache-util/2.1.25-M23/cache-util-2.1.25-M23.pom
Downloading https://repo1.maven.org/maven2/org/virtuslab/scala-cli/config_3/1.9.1/config_3-1.9.1.pom
Downloaded https://repo1.maven.org/maven2/com/google/code/findbugs/jsr305/3.0.2/jsr305-3.0.2.pom
Downloading https://repo1.maven.org/maven2/org/apache/xbean/xbean-reflect/3.7/xbean-reflect-3.7.pom
Downloaded https://repo1.maven.org/maven2/commons-io/commons-io/2.20.0/commons-io-2.20.0.pom
Downloading https://repo1.maven.org/maven2/org/eclipse/xtext/org.eclipse.xtext.xbase.lib/2.28.0/org.eclipse.xtext.xbase.lib-2.28.0.pom
Downloaded https://repo1.maven.org/maven2/io/github/alexarchambault/concurrent-reference-hash-map/1.1.0/concurrent-reference-hash-map-1.1.0.pom
Downloading https://repo1.maven.org/maven2/org/slf4j/jul-to-slf4j/1.7.30/jul-to-slf4j-1.7.30.pom
Downloaded https://repo1.maven.org/maven2/org/tukaani/xz/1.10/xz-1.10.pom
Downloading https://repo1.maven.org/maven2/org/slf4j/jcl-over-slf4j/1.7.30/jcl-over-slf4j-1.7.30.pom
Downloaded https://repo1.maven.org/maven2/org/eclipse/xtend/org.eclipse.xtend.lib.macro/2.28.0/org.eclipse.xtend.lib.macro-2.28.0.pom
Downloading https://repo1.maven.org/maven2/org/codehaus/plexus/plexus-io/3.5.1/plexus-io-3.5.1.pom
Downloaded https://repo1.maven.org/maven2/org/virtuslab/scala-cli/config_3/1.9.1/config_3-1.9.1.pom
Downloading https://repo1.maven.org/maven2/org/codehaus/plexus/plexus-classworlds/2.6.0/plexus-classworlds-2.6.0.pom
Downloaded https://repo1.maven.org/maven2/org/slf4j/jul-to-slf4j/1.7.30/jul-to-slf4j-1.7.30.pom
Downloading https://repo1.maven.org/maven2/org/codehaus/plexus/plexus-utils/4.0.2/plexus-utils-4.0.2.pom
Downloaded https://repo1.maven.org/maven2/org/eclipse/xtext/org.eclipse.xtext.xbase.lib/2.28.0/org.eclipse.xtext.xbase.lib-2.28.0.pom
Downloaded https://repo1.maven.org/maven2/org/slf4j/jcl-over-slf4j/1.7.30/jcl-over-slf4j-1.7.30.pom
Downloaded https://repo1.maven.org/maven2/org/apache/xbean/xbean-reflect/3.7/xbean-reflect-3.7.pom
Downloading https://repo1.maven.org/maven2/javax/inject/javax.inject/1/javax.inject-1.pom
Downloaded https://repo1.maven.org/maven2/org/codehaus/plexus/plexus-io/3.5.1/plexus-io-3.5.1.pom
Downloaded https://repo1.maven.org/maven2/org/codehaus/plexus/plexus-classworlds/2.6.0/plexus-classworlds-2.6.0.pom
Downloaded https://repo1.maven.org/maven2/org/codehaus/plexus/plexus-utils/4.0.2/plexus-utils-4.0.2.pom
Downloaded https://repo1.maven.org/maven2/javax/inject/javax.inject/1/javax.inject-1.pom
Downloading https://repo1.maven.org/maven2/io/airlift/airbase/112/airbase-112.pom
Downloading https://repo1.maven.org/maven2/org/apache/commons/commons-parent/85/commons-parent-85.pom
Downloading https://repo1.maven.org/maven2/org/slf4j/slf4j-parent/1.7.30/slf4j-parent-1.7.30.pom
Downloading https://repo1.maven.org/maven2/org/codehaus/plexus/plexus/18/plexus-18.pom
Downloading https://repo1.maven.org/maven2/org/apache/xbean/xbean/3.7/xbean-3.7.pom
Downloaded https://repo1.maven.org/maven2/org/codehaus/plexus/plexus/18/plexus-18.pom
Downloaded https://repo1.maven.org/maven2/org/apache/xbean/xbean/3.7/xbean-3.7.pom
Downloaded https://repo1.maven.org/maven2/org/slf4j/slf4j-parent/1.7.30/slf4j-parent-1.7.30.pom
Downloaded https://repo1.maven.org/maven2/org/apache/commons/commons-parent/85/commons-parent-85.pom
Downloaded https://repo1.maven.org/maven2/io/airlift/airbase/112/airbase-112.pom
Downloading https://repo1.maven.org/maven2/org/codehaus/plexus/plexus/5.1/plexus-5.1.pom
Downloaded https://repo1.maven.org/maven2/org/codehaus/plexus/plexus/5.1/plexus-5.1.pom
Downloading https://repo1.maven.org/maven2/org/junit/junit-bom/5.13.1/junit-bom-5.13.1.pom
Downloading https://repo1.maven.org/maven2/org/apache/geronimo/genesis/genesis-java5-flava/2.0/genesis-java5-flava-2.0.pom
Downloaded https://repo1.maven.org/maven2/org/junit/junit-bom/5.13.1/junit-bom-5.13.1.pom
Downloaded https://repo1.maven.org/maven2/org/apache/geronimo/genesis/genesis-java5-flava/2.0/genesis-java5-flava-2.0.pom
Downloading https://repo1.maven.org/maven2/org/junit/junit-bom/5.8.0-M1/junit-bom-5.8.0-M1.pom
Downloaded https://repo1.maven.org/maven2/org/junit/junit-bom/5.8.0-M1/junit-bom-5.8.0-M1.pom
Downloading https://repo1.maven.org/maven2/org/apache/geronimo/genesis/genesis-default-flava/2.0/genesis-default-flava-2.0.pom
Downloaded https://repo1.maven.org/maven2/org/apache/geronimo/genesis/genesis-default-flava/2.0/genesis-default-flava-2.0.pom
Downloading https://repo1.maven.org/maven2/org/apache/geronimo/genesis/genesis/2.0/genesis-2.0.pom
Downloaded https://repo1.maven.org/maven2/org/apache/geronimo/genesis/genesis/2.0/genesis-2.0.pom
Downloading https://repo1.maven.org/maven2/org/apache/apache/6/apache-6.pom
Downloaded https://repo1.maven.org/maven2/org/apache/apache/6/apache-6.pom
Downloading https://repo1.maven.org/maven2/commons-codec/commons-codec/1.19.0/commons-codec-1.19.0.pom
Downloading https://repo1.maven.org/maven2/org/fusesource/jansi/jansi/2.4.1/jansi-2.4.1.pom
Downloading https://repo1.maven.org/maven2/org/virtuslab/scala-cli/specification-level_3/1.9.1/specification-level_3-1.9.1.pom
Downloading https://repo1.maven.org/maven2/org/apache/commons/commons-lang3/3.18.0/commons-lang3-3.18.0.pom
Downloading https://repo1.maven.org/maven2/com/google/guava/guava/30.1-jre/guava-30.1-jre.pom
Downloaded https://repo1.maven.org/maven2/commons-codec/commons-codec/1.19.0/commons-codec-1.19.0.pom
Downloaded https://repo1.maven.org/maven2/org/virtuslab/scala-cli/specification-level_3/1.9.1/specification-level_3-1.9.1.pom
Downloaded https://repo1.maven.org/maven2/org/apache/commons/commons-lang3/3.18.0/commons-lang3-3.18.0.pom
Downloaded https://repo1.maven.org/maven2/com/google/guava/guava/30.1-jre/guava-30.1-jre.pom
Downloaded https://repo1.maven.org/maven2/org/fusesource/jansi/jansi/2.4.1/jansi-2.4.1.pom
Downloading https://repo1.maven.org/maven2/com/google/guava/guava-parent/30.1-jre/guava-parent-30.1-jre.pom
Downloading https://repo1.maven.org/maven2/org/fusesource/fusesource-pom/1.12/fusesource-pom-1.12.pom
Downloaded https://repo1.maven.org/maven2/com/google/guava/guava-parent/30.1-jre/guava-parent-30.1-jre.pom
Downloaded https://repo1.maven.org/maven2/org/fusesource/fusesource-pom/1.12/fusesource-pom-1.12.pom
Downloading https://repo1.maven.org/maven2/com/google/guava/listenablefuture/9999.0-empty-to-avoid-conflict-with-guava/listenablefuture-9999.0-empty-to-avoid-conflict-with-guava.pom
Downloading https://repo1.maven.org/maven2/com/google/j2objc/j2objc-annotations/1.3/j2objc-annotations-1.3.pom
Downloading https://repo1.maven.org/maven2/com/google/guava/failureaccess/1.0.1/failureaccess-1.0.1.pom
Downloading https://repo1.maven.org/maven2/org/checkerframework/checker-qual/3.5.0/checker-qual-3.5.0.pom
Downloaded https://repo1.maven.org/maven2/com/google/j2objc/j2objc-annotations/1.3/j2objc-annotations-1.3.pom
Downloaded https://repo1.maven.org/maven2/com/google/guava/listenablefuture/9999.0-empty-to-avoid-conflict-with-guava/listenablefuture-9999.0-empty-to-avoid-conflict-with-guava.pom
Downloaded https://repo1.maven.org/maven2/com/google/guava/failureaccess/1.0.1/failureaccess-1.0.1.pom
Downloaded https://repo1.maven.org/maven2/org/checkerframework/checker-qual/3.5.0/checker-qual-3.5.0.pom
Downloading https://repo1.maven.org/maven2/com/google/guava/guava-parent/26.0-android/guava-parent-26.0-android.pom
Downloaded https://repo1.maven.org/maven2/com/google/guava/guava-parent/26.0-android/guava-parent-26.0-android.pom
Downloading https://repo1.maven.org/maven2/org/sonatype/oss/oss-parent/9/oss-parent-9.pom
Downloaded https://repo1.maven.org/maven2/org/sonatype/oss/oss-parent/9/oss-parent-9.pom
Downloading https://repo1.maven.org/maven2/org/scala-sbt/compiler-interface/2.0.0-M13/compiler-interface-2.0.0-M13.jar
Downloading https://repo1.maven.org/maven2/org/scala-sbt/test-interface/1.0/test-interface-1.0.jar
Downloading https://repo1.maven.org/maven2/io/get-coursier/dependency_2.13/0.3.2/dependency_2.13-0.3.2.jar
Downloading https://repo1.maven.org/maven2/com/lihaoyi/os-lib_3/0.11.7/os-lib_3-0.11.7.jar
Downloading https://repo1.maven.org/maven2/org/slf4j/jcl-over-slf4j/1.7.30/jcl-over-slf4j-1.7.30.jar
Downloading https://repo1.maven.org/maven2/com/lihaoyi/mill-core-eval_3/1.1.0/mill-core-eval_3-1.1.0.jar
Downloaded https://repo1.maven.org/maven2/org/scala-sbt/test-interface/1.0/test-interface-1.0.jar
Downloading https://repo1.maven.org/maven2/org/apache/tika/tika-core/3.2.3/tika-core-3.2.3.jar
Downloaded https://repo1.maven.org/maven2/org/slf4j/jcl-over-slf4j/1.7.30/jcl-over-slf4j-1.7.30.jar
Downloading https://repo1.maven.org/maven2/com/lihaoyi/mainargs_3/0.7.8/mainargs_3-0.7.8.jar
Downloaded https://repo1.maven.org/maven2/io/get-coursier/dependency_2.13/0.3.2/dependency_2.13-0.3.2.jar
Downloading https://repo1.maven.org/maven2/com/lihaoyi/upickle-implicits_3/4.4.2/upickle-implicits_3-4.4.2.jar
Downloaded https://repo1.maven.org/maven2/org/scala-sbt/compiler-interface/2.0.0-M13/compiler-interface-2.0.0-M13.jar
Downloading https://repo1.maven.org/maven2/com/lihaoyi/mill-core-api-java11_3/1.1.0/mill-core-api-java11_3-1.1.0.jar
Downloaded https://repo1.maven.org/maven2/com/lihaoyi/os-lib_3/0.11.7/os-lib_3-0.11.7.jar
Downloading https://repo1.maven.org/maven2/com/lihaoyi/mill-libs-util_3/1.1.0/mill-libs-util_3-1.1.0.jar
Downloaded https://repo1.maven.org/maven2/com/lihaoyi/mainargs_3/0.7.8/mainargs_3-0.7.8.jar
Downloading https://repo1.maven.org/maven2/io/get-coursier/coursier-proxy-setup/2.1.25-M23/coursier-proxy-setup-2.1.25-M23.jar
Downloaded https://repo1.maven.org/maven2/com/lihaoyi/mill-core-eval_3/1.1.0/mill-core-eval_3-1.1.0.jar
Downloading https://repo1.maven.org/maven2/org/snakeyaml/snakeyaml-engine/3.0.1/snakeyaml-engine-3.0.1.jar
Downloaded https://repo1.maven.org/maven2/com/lihaoyi/upickle-implicits_3/4.4.2/upickle-implicits_3-4.4.2.jar
Downloading https://repo1.maven.org/maven2/io/get-coursier/coursier-archive-cache_2.13/2.1.25-M23/coursier-archive-cache_2.13-2.1.25-M23.jar
Downloaded https://repo1.maven.org/maven2/org/apache/tika/tika-core/3.2.3/tika-core-3.2.3.jar
Downloading https://repo1.maven.org/maven2/org/ow2/asm/asm-tree/9.9.1/asm-tree-9.9.1.jar
Downloaded https://repo1.maven.org/maven2/com/lihaoyi/mill-core-api-java11_3/1.1.0/mill-core-api-java11_3-1.1.0.jar
Downloading https://repo1.maven.org/maven2/com/lihaoyi/mill-runner-bsp_3/1.1.0/mill-runner-bsp_3-1.1.0.jar
Downloaded https://repo1.maven.org/maven2/com/lihaoyi/mill-libs-util_3/1.1.0/mill-libs-util_3-1.1.0.jar
Downloading https://repo1.maven.org/maven2/io/get-coursier/coursier-core_2.13/2.1.25-M23/coursier-core_2.13-2.1.25-M23.jar
Downloaded https://repo1.maven.org/maven2/io/get-coursier/coursier-proxy-setup/2.1.25-M23/coursier-proxy-setup-2.1.25-M23.jar
Downloading https://repo1.maven.org/maven2/ch/qos/logback/logback-core/1.5.24/logback-core-1.5.24.jar
Downloaded https://repo1.maven.org/maven2/org/ow2/asm/asm-tree/9.9.1/asm-tree-9.9.1.jar
Downloading https://repo1.maven.org/maven2/com/lihaoyi/mill-libs-javalib-testrunner-entrypoint/1.1.0/mill-libs-javalib-testrunner-entrypoint-1.1.0.jar
Downloaded https://repo1.maven.org/maven2/io/get-coursier/coursier-archive-cache_2.13/2.1.25-M23/coursier-archive-cache_2.13-2.1.25-M23.jar
Downloading https://repo1.maven.org/maven2/com/google/j2objc/j2objc-annotations/1.3/j2objc-annotations-1.3.jar
Downloaded https://repo1.maven.org/maven2/com/lihaoyi/mill-runner-bsp_3/1.1.0/mill-runner-bsp_3-1.1.0.jar
Downloading https://repo1.maven.org/maven2/com/lihaoyi/mill-libs-scalalib_3/1.1.0/mill-libs-scalalib_3-1.1.0.jar
Downloaded https://repo1.maven.org/maven2/org/snakeyaml/snakeyaml-engine/3.0.1/snakeyaml-engine-3.0.1.jar
Downloading https://repo1.maven.org/maven2/com/lihaoyi/mill-runner-server_3/1.1.0/mill-runner-server_3-1.1.0.jar
Downloaded https://repo1.maven.org/maven2/com/lihaoyi/mill-libs-javalib-testrunner-entrypoint/1.1.0/mill-libs-javalib-testrunner-entrypoint-1.1.0.jar
Downloading https://repo1.maven.org/maven2/org/eclipse/xtend/org.eclipse.xtend.lib/2.28.0/org.eclipse.xtend.lib-2.28.0.jar
Downloaded https://repo1.maven.org/maven2/com/google/j2objc/j2objc-annotations/1.3/j2objc-annotations-1.3.jar
Downloading https://repo1.maven.org/maven2/com/lihaoyi/mill-core-api-daemon_3/1.1.0/mill-core-api-daemon_3-1.1.0.jar
Downloaded https://repo1.maven.org/maven2/ch/qos/logback/logback-core/1.5.24/logback-core-1.5.24.jar
Downloading https://repo1.maven.org/maven2/com/lihaoyi/mill-runner-codesig_3/1.1.0/mill-runner-codesig_3-1.1.0.jar
Downloaded https://repo1.maven.org/maven2/io/get-coursier/coursier-core_2.13/2.1.25-M23/coursier-core_2.13-2.1.25-M23.jar
Downloading https://repo1.maven.org/maven2/org/virtuslab/scala-cli/config_3/1.9.1/config_3-1.9.1.jar
Downloaded https://repo1.maven.org/maven2/com/lihaoyi/mill-runner-server_3/1.1.0/mill-runner-server_3-1.1.0.jar
Downloading https://repo1.maven.org/maven2/io/get-coursier/coursier-jvm_2.13/2.1.25-M23/coursier-jvm_2.13-2.1.25-M23.jar
Downloaded https://repo1.maven.org/maven2/com/lihaoyi/mill-libs-scalalib_3/1.1.0/mill-libs-scalalib_3-1.1.0.jar
Downloading https://repo1.maven.org/maven2/com/lihaoyi/mill-runner-launcher_3/1.1.0/mill-runner-launcher_3-1.1.0.jar
Downloaded https://repo1.maven.org/maven2/org/eclipse/xtend/org.eclipse.xtend.lib/2.28.0/org.eclipse.xtend.lib-2.28.0.jar
Downloading https://repo1.maven.org/maven2/io/get-coursier/cache-util/2.1.25-M23/cache-util-2.1.25-M23.jar
Downloaded https://repo1.maven.org/maven2/com/lihaoyi/mill-runner-codesig_3/1.1.0/mill-runner-codesig_3-1.1.0.jar
Downloading https://repo1.maven.org/maven2/com/lihaoyi/fastparse_3/3.1.1/fastparse_3-3.1.1.jar
Downloaded https://repo1.maven.org/maven2/com/lihaoyi/mill-core-api-daemon_3/1.1.0/mill-core-api-daemon_3-1.1.0.jar
Downloading https://repo1.maven.org/maven2/org/scala-lang/scala3-compiler_3/3.8.1/scala3-compiler_3-3.8.1.jar
Downloaded https://repo1.maven.org/maven2/org/virtuslab/scala-cli/config_3/1.9.1/config_3-1.9.1.jar
Downloading https://repo1.maven.org/maven2/org/eclipse/lsp4j/org.eclipse.lsp4j.jsonrpc/0.20.1/org.eclipse.lsp4j.jsonrpc-0.20.1.jar
Downloaded https://repo1.maven.org/maven2/io/get-coursier/coursier-jvm_2.13/2.1.25-M23/coursier-jvm_2.13-2.1.25-M23.jar
Downloading https://repo1.maven.org/maven2/org/codehaus/plexus/plexus-io/3.5.1/plexus-io-3.5.1.jar
Downloaded https://repo1.maven.org/maven2/com/lihaoyi/mill-runner-launcher_3/1.1.0/mill-runner-launcher_3-1.1.0.jar
Downloading https://repo1.maven.org/maven2/org/eclipse/jgit/org.eclipse.jgit/6.10.1.202505221210-r/org.eclipse.jgit-6.10.1.202505221210-r.jar
Downloaded https://repo1.maven.org/maven2/io/get-coursier/cache-util/2.1.25-M23/cache-util-2.1.25-M23.jar
Downloading https://repo1.maven.org/maven2/com/lihaoyi/os-zip/0.11.7/os-zip-0.11.7.jar
Downloaded https://repo1.maven.org/maven2/com/lihaoyi/fastparse_3/3.1.1/fastparse_3-3.1.1.jar
Downloading https://repo1.maven.org/maven2/org/jline/jline/3.30.6/jline-3.30.6.jar
Downloaded https://repo1.maven.org/maven2/org/codehaus/plexus/plexus-io/3.5.1/plexus-io-3.5.1.jar
Downloading https://repo1.maven.org/maven2/com/lihaoyi/mill-libs-daemon-client_3/1.1.0/mill-libs-daemon-client_3-1.1.0.jar
Downloaded https://repo1.maven.org/maven2/com/lihaoyi/os-zip/0.11.7/os-zip-0.11.7.jar
Downloading https://repo1.maven.org/maven2/com/lihaoyi/mill-libs-rpc_3/1.1.0/mill-libs-rpc_3-1.1.0.jar
Downloaded https://repo1.maven.org/maven2/org/eclipse/lsp4j/org.eclipse.lsp4j.jsonrpc/0.20.1/org.eclipse.lsp4j.jsonrpc-0.20.1.jar
Downloading https://repo1.maven.org/maven2/io/get-coursier/versions_2.13/0.5.1/versions_2.13-0.5.1.jar
Downloaded https://repo1.maven.org/maven2/com/lihaoyi/mill-libs-daemon-client_3/1.1.0/mill-libs-daemon-client_3-1.1.0.jar
Downloading https://repo1.maven.org/maven2/com/lihaoyi/mill-libs-kotlinlib-ksp2-api_3/1.1.0/mill-libs-kotlinlib-ksp2-api_3-1.1.0.jar
Downloaded https://repo1.maven.org/maven2/org/jline/jline/3.30.6/jline-3.30.6.jar
Downloading https://repo1.maven.org/maven2/org/scala-lang/scala3-interfaces/3.8.1/scala3-interfaces-3.8.1.jar
Downloaded https://repo1.maven.org/maven2/com/lihaoyi/mill-libs-kotlinlib-ksp2-api_3/1.1.0/mill-libs-kotlinlib-ksp2-api_3-1.1.0.jar
Downloading https://repo1.maven.org/maven2/com/lihaoyi/mill-core-exec_3/1.1.0/mill-core-exec_3-1.1.0.jar
Downloaded https://repo1.maven.org/maven2/io/get-coursier/versions_2.13/0.5.1/versions_2.13-0.5.1.jar
Downloading https://repo1.maven.org/maven2/org/ow2/asm/asm/9.9.1/asm-9.9.1.jar
Downloaded https://repo1.maven.org/maven2/com/lihaoyi/mill-libs-rpc_3/1.1.0/mill-libs-rpc_3-1.1.0.jar
Downloading https://repo1.maven.org/maven2/com/lihaoyi/mill-libs-groovylib-api_3/1.1.0/mill-libs-groovylib-api_3-1.1.0.jar
Downloaded https://repo1.maven.org/maven2/org/scala-lang/scala3-interfaces/3.8.1/scala3-interfaces-3.8.1.jar
Downloading https://repo1.maven.org/maven2/com/google/code/gson/gson/2.13.2/gson-2.13.2.jar
Downloaded https://repo1.maven.org/maven2/org/eclipse/jgit/org.eclipse.jgit/6.10.1.202505221210-r/org.eclipse.jgit-6.10.1.202505221210-r.jar
Downloading https://repo1.maven.org/maven2/com/lihaoyi/mill-libs-kotlinlib-api_3/1.1.0/mill-libs-kotlinlib-api_3-1.1.0.jar
Downloaded https://repo1.maven.org/maven2/org/ow2/asm/asm/9.9.1/asm-9.9.1.jar
Downloading https://repo1.maven.org/maven2/org/scala-lang/modules/scala-xml_2.13/2.4.0/scala-xml_2.13-2.4.0.jar
Downloaded https://repo1.maven.org/maven2/com/lihaoyi/mill-core-exec_3/1.1.0/mill-core-exec_3-1.1.0.jar
Downloading https://repo1.maven.org/maven2/org/slf4j/jul-to-slf4j/1.7.30/jul-to-slf4j-1.7.30.jar
Downloaded https://repo1.maven.org/maven2/com/lihaoyi/mill-libs-groovylib-api_3/1.1.0/mill-libs-groovylib-api_3-1.1.0.jar
Downloading https://repo1.maven.org/maven2/org/scala-lang/modules/scala-collection-compat_3/2.12.0/scala-collection-compat_3-2.12.0.jar
Downloaded https://repo1.maven.org/maven2/com/lihaoyi/mill-libs-kotlinlib-api_3/1.1.0/mill-libs-kotlinlib-api_3-1.1.0.jar
Downloading https://repo1.maven.org/maven2/com/googlecode/javaewah/JavaEWAH/1.2.3/JavaEWAH-1.2.3.jar
Downloaded https://repo1.maven.org/maven2/com/google/code/gson/gson/2.13.2/gson-2.13.2.jar
Downloading https://repo1.maven.org/maven2/com/lihaoyi/mill-libs-script_3/1.1.0/mill-libs-script_3-1.1.0.jar
Downloaded https://repo1.maven.org/maven2/org/scala-lang/modules/scala-xml_2.13/2.4.0/scala-xml_2.13-2.4.0.jar
Downloading https://repo1.maven.org/maven2/org/scala-sbt/util-interface/2.0.0-RC8/util-interface-2.0.0-RC8.jar
Downloaded https://repo1.maven.org/maven2/org/slf4j/jul-to-slf4j/1.7.30/jul-to-slf4j-1.7.30.jar
Downloading https://repo1.maven.org/maven2/io/get-coursier/jniutils/windows-jni-utils/0.3.3/windows-jni-utils-0.3.3.jar
Downloaded https://repo1.maven.org/maven2/org/scala-lang/modules/scala-collection-compat_3/2.12.0/scala-collection-compat_3-2.12.0.jar
Downloading https://repo1.maven.org/maven2/com/lihaoyi/mill-core-internal-cli_3/1.1.0/mill-core-internal-cli_3-1.1.0.jar
Downloaded https://repo1.maven.org/maven2/com/googlecode/javaewah/JavaEWAH/1.2.3/JavaEWAH-1.2.3.jar
Downloading https://repo1.maven.org/maven2/org/tukaani/xz/1.10/xz-1.10.jar
Downloaded https://repo1.maven.org/maven2/org/scala-sbt/util-interface/2.0.0-RC8/util-interface-2.0.0-RC8.jar
Downloading https://repo1.maven.org/maven2/org/scala-lang/scala-reflect/2.13.18/scala-reflect-2.13.18.jar
Downloaded https://repo1.maven.org/maven2/com/lihaoyi/mill-libs-script_3/1.1.0/mill-libs-script_3-1.1.0.jar
Downloading https://repo1.maven.org/maven2/com/lihaoyi/upack_3/4.4.2/upack_3-4.4.2.jar
Downloaded https://repo1.maven.org/maven2/com/lihaoyi/mill-core-internal-cli_3/1.1.0/mill-core-internal-cli_3-1.1.0.jar
Downloading https://repo1.maven.org/maven2/org/scala-lang/modules/scala-asm/9.9.0-scala-1/scala-asm-9.9.0-scala-1.jar
Downloaded https://repo1.maven.org/maven2/io/get-coursier/jniutils/windows-jni-utils/0.3.3/windows-jni-utils-0.3.3.jar
Downloading https://repo1.maven.org/maven2/ch/qos/logback/logback-classic/1.5.24/logback-classic-1.5.24.jar
Downloaded https://repo1.maven.org/maven2/org/tukaani/xz/1.10/xz-1.10.jar
Downloading https://repo1.maven.org/maven2/com/google/code/findbugs/jsr305/3.0.2/jsr305-3.0.2.jar
Downloaded https://repo1.maven.org/maven2/com/lihaoyi/upack_3/4.4.2/upack_3-4.4.2.jar
Downloading https://repo1.maven.org/maven2/com/lihaoyi/mill-libs-javalib-api_3/1.1.0/mill-libs-javalib-api_3-1.1.0.jar
Downloaded https://repo1.maven.org/maven2/org/scala-lang/modules/scala-asm/9.9.0-scala-1/scala-asm-9.9.0-scala-1.jar
Downloading https://repo1.maven.org/maven2/com/lumidion/sonatype-central-client-core_3/0.6.0/sonatype-central-client-core_3-0.6.0.jar
Downloaded https://repo1.maven.org/maven2/com/google/code/findbugs/jsr305/3.0.2/jsr305-3.0.2.jar
Downloading https://repo1.maven.org/maven2/com/lihaoyi/mill-core-api_3/1.1.0/mill-core-api_3-1.1.0.jar
Downloaded https://repo1.maven.org/maven2/ch/qos/logback/logback-classic/1.5.24/logback-classic-1.5.24.jar
Downloading https://repo1.maven.org/maven2/com/lihaoyi/mill-libs-kotlinlib_3/1.1.0/mill-libs-kotlinlib_3-1.1.0.jar
Downloaded https://repo1.maven.org/maven2/com/lihaoyi/mill-libs-javalib-api_3/1.1.0/mill-libs-javalib-api_3-1.1.0.jar
Downloading https://repo1.maven.org/maven2/org/codehaus/plexus/plexus-classworlds/2.6.0/plexus-classworlds-2.6.0.jar
Downloaded https://repo1.maven.org/maven2/com/lumidion/sonatype-central-client-core_3/0.6.0/sonatype-central-client-core_3-0.6.0.jar
Downloading https://repo1.maven.org/maven2/com/lihaoyi/mill-libs-init_3/1.1.0/mill-libs-init_3-1.1.0.jar
Downloaded https://repo1.maven.org/maven2/org/codehaus/plexus/plexus-classworlds/2.6.0/plexus-classworlds-2.6.0.jar
Downloading https://repo1.maven.org/maven2/commons-codec/commons-codec/1.19.0/commons-codec-1.19.0.jar
Downloaded https://repo1.maven.org/maven2/org/scala-lang/scala-reflect/2.13.18/scala-reflect-2.13.18.jar
Downloading https://repo1.maven.org/maven2/com/github/luben/zstd-jni/1.5.7-4/zstd-jni-1.5.7-4.jar
Downloaded https://repo1.maven.org/maven2/com/lihaoyi/mill-libs-kotlinlib_3/1.1.0/mill-libs-kotlinlib_3-1.1.0.jar
Downloading https://repo1.maven.org/maven2/io/github/alexarchambault/windows-ansi/windows-ansi/0.0.6/windows-ansi-0.0.6.jar
Downloaded https://repo1.maven.org/maven2/com/lihaoyi/mill-libs-init_3/1.1.0/mill-libs-init_3-1.1.0.jar
Downloading https://repo1.maven.org/maven2/commons-io/commons-io/2.20.0/commons-io-2.20.0.jar
Downloaded https://repo1.maven.org/maven2/com/lihaoyi/mill-core-api_3/1.1.0/mill-core-api_3-1.1.0.jar
Downloading https://repo1.maven.org/maven2/com/lihaoyi/upickle-implicits-named-tuples_3/4.4.2/upickle-implicits-named-tuples_3-4.4.2.jar
Downloaded https://repo1.maven.org/maven2/commons-codec/commons-codec/1.19.0/commons-codec-1.19.0.jar
Downloading https://repo1.maven.org/maven2/io/get-coursier/coursier-util_2.13/2.1.25-M23/coursier-util_2.13-2.1.25-M23.jar
Downloaded https://repo1.maven.org/maven2/org/scala-lang/scala3-compiler_3/3.8.1/scala3-compiler_3-3.8.1.jar
Downloading https://repo1.maven.org/maven2/io/github/alexarchambault/concurrent-reference-hash-map/1.1.0/concurrent-reference-hash-map-1.1.0.jar
Downloaded https://repo1.maven.org/maven2/io/github/alexarchambault/windows-ansi/windows-ansi/0.0.6/windows-ansi-0.0.6.jar
Downloading https://repo1.maven.org/maven2/io/github/alexarchambault/native-terminal/native-terminal-no-ffm/0.0.9.1/native-terminal-no-ffm-0.0.9.1.jar
Downloaded https://repo1.maven.org/maven2/com/lihaoyi/upickle-implicits-named-tuples_3/4.4.2/upickle-implicits-named-tuples_3-4.4.2.jar
Downloading https://repo1.maven.org/maven2/com/google/errorprone/error_prone_annotations/2.41.0/error_prone_annotations-2.41.0.jar
Downloaded https://repo1.maven.org/maven2/io/github/alexarchambault/concurrent-reference-hash-map/1.1.0/concurrent-reference-hash-map-1.1.0.jar
Downloading https://repo1.maven.org/maven2/com/google/guava/failureaccess/1.0.1/failureaccess-1.0.1.jar
Downloaded https://repo1.maven.org/maven2/commons-io/commons-io/2.20.0/commons-io-2.20.0.jar
Downloading https://repo1.maven.org/maven2/org/eclipse/lsp4j/org.eclipse.lsp4j.generator/0.20.1/org.eclipse.lsp4j.generator-0.20.1.jar
Downloaded https://repo1.maven.org/maven2/io/get-coursier/coursier-util_2.13/2.1.25-M23/coursier-util_2.13-2.1.25-M23.jar
Downloading https://repo1.maven.org/maven2/com/lihaoyi/os-lib-watch_3/0.11.7/os-lib-watch_3-0.11.7.jar
Downloaded https://repo1.maven.org/maven2/io/github/alexarchambault/native-terminal/native-terminal-no-ffm/0.0.9.1/native-terminal-no-ffm-0.0.9.1.jar
Downloading https://repo1.maven.org/maven2/com/lihaoyi/upickle_3/4.4.2/upickle_3-4.4.2.jar
Downloaded https://repo1.maven.org/maven2/com/google/errorprone/error_prone_annotations/2.41.0/error_prone_annotations-2.41.0.jar
Downloading https://repo1.maven.org/maven2/org/scala-lang/modules/scala-xml_3/2.4.0/scala-xml_3-2.4.0.jar
Downloaded https://repo1.maven.org/maven2/com/google/guava/failureaccess/1.0.1/failureaccess-1.0.1.jar
Downloading https://repo1.maven.org/maven2/com/lihaoyi/mill-runner-daemon_3/1.1.0/mill-runner-daemon_3-1.1.0.jar
Downloaded https://repo1.maven.org/maven2/com/lihaoyi/os-lib-watch_3/0.11.7/os-lib-watch_3-0.11.7.jar
Downloading https://repo1.maven.org/maven2/com/lihaoyi/geny_3/1.1.1/geny_3-1.1.1.jar
Downloaded https://repo1.maven.org/maven2/org/eclipse/lsp4j/org.eclipse.lsp4j.generator/0.20.1/org.eclipse.lsp4j.generator-0.20.1.jar
Downloading https://repo1.maven.org/maven2/com/lihaoyi/mill-core-internal_3/1.1.0/mill-core-internal_3-1.1.0.jar
Downloaded https://repo1.maven.org/maven2/com/lihaoyi/mill-runner-daemon_3/1.1.0/mill-runner-daemon_3-1.1.0.jar
Downloading https://repo1.maven.org/maven2/org/jgrapht/jgrapht-core/1.4.0/jgrapht-core-1.4.0.jar
Downloaded https://repo1.maven.org/maven2/com/github/luben/zstd-jni/1.5.7-4/zstd-jni-1.5.7-4.jar
Downloading https://repo1.maven.org/maven2/com/lihaoyi/mill-libs-javalib-testrunner_3/1.1.0/mill-libs-javalib-testrunner_3-1.1.0.jar
Downloaded https://repo1.maven.org/maven2/org/scala-lang/modules/scala-xml_3/2.4.0/scala-xml_3-2.4.0.jar
Downloading https://repo1.maven.org/maven2/com/lihaoyi/mill-core-resolve_3/1.1.0/mill-core-resolve_3-1.1.0.jar
Downloaded https://repo1.maven.org/maven2/com/lihaoyi/mill-core-internal_3/1.1.0/mill-core-internal_3-1.1.0.jar
Downloaded https://repo1.maven.org/maven2/com/lihaoyi/geny_3/1.1.1/geny_3-1.1.1.jar
Downloading https://repo1.maven.org/maven2/org/scala-lang/tasty-core_3/3.8.1/tasty-core_3-3.8.1.jar
Downloading https://repo1.maven.org/maven2/io/get-coursier/coursier_2.13/2.1.25-M23/coursier_2.13-2.1.25-M23.jar
Downloaded https://repo1.maven.org/maven2/com/lihaoyi/upickle_3/4.4.2/upickle_3-4.4.2.jar
Downloading https://repo1.maven.org/maven2/com/lihaoyi/mill-moduledefs_3/0.13.1/mill-moduledefs_3-0.13.1.jar
Downloaded https://repo1.maven.org/maven2/org/scala-lang/tasty-core_3/3.8.1/tasty-core_3-3.8.1.jar
Downloading https://repo1.maven.org/maven2/org/scala-lang/scala3-library_3/3.8.1/scala3-library_3-3.8.1.jar
Downloaded https://repo1.maven.org/maven2/com/lihaoyi/mill-libs-javalib-testrunner_3/1.1.0/mill-libs-javalib-testrunner_3-1.1.0.jar
Downloading https://repo1.maven.org/maven2/com/lihaoyi/mill-runner-meta_3/1.1.0/mill-runner-meta_3-1.1.0.jar
Downloaded https://repo1.maven.org/maven2/org/jgrapht/jgrapht-core/1.4.0/jgrapht-core-1.4.0.jar
Downloading https://repo1.maven.org/maven2/io/get-coursier/coursier-exec/2.1.25-M23/coursier-exec-2.1.25-M23.jar
Downloaded https://repo1.maven.org/maven2/com/lihaoyi/mill-core-resolve_3/1.1.0/mill-core-resolve_3-1.1.0.jar
Downloading https://repo1.maven.org/maven2/guru/nidi/graphviz-java/0.18.1/graphviz-java-0.18.1.jar
Downloaded https://repo1.maven.org/maven2/io/get-coursier/coursier_2.13/2.1.25-M23/coursier_2.13-2.1.25-M23.jar
Downloading https://repo1.maven.org/maven2/org/scala-lang/modules/scala-collection-compat_2.13/2.13.0/scala-collection-compat_2.13-2.13.0.jar
Downloaded https://repo1.maven.org/maven2/com/lihaoyi/mill-moduledefs_3/0.13.1/mill-moduledefs_3-0.13.1.jar
Downloading https://repo1.maven.org/maven2/org/apache/commons/commons-compress/1.28.0/commons-compress-1.28.0.jar
Downloaded https://repo1.maven.org/maven2/org/scala-lang/scala3-library_3/3.8.1/scala3-library_3-3.8.1.jar
Downloading https://repo1.maven.org/maven2/guru/nidi/graphviz-java-min-deps/0.18.1/graphviz-java-min-deps-0.18.1.jar
Downloaded https://repo1.maven.org/maven2/io/get-coursier/coursier-exec/2.1.25-M23/coursier-exec-2.1.25-M23.jar
Downloading https://repo1.maven.org/maven2/org/eclipse/xtext/org.eclipse.xtext.xbase.lib/2.28.0/org.eclipse.xtext.xbase.lib-2.28.0.jar
Downloaded https://repo1.maven.org/maven2/com/lihaoyi/mill-runner-meta_3/1.1.0/mill-runner-meta_3-1.1.0.jar
Downloading https://repo1.maven.org/maven2/io/airlift/aircompressor/0.27/aircompressor-0.27.jar
Downloaded https://repo1.maven.org/maven2/guru/nidi/graphviz-java/0.18.1/graphviz-java-0.18.1.jar
Downloading https://repo1.maven.org/maven2/org/eclipse/xtend/org.eclipse.xtend.lib.macro/2.28.0/org.eclipse.xtend.lib.macro-2.28.0.jar
Downloaded https://repo1.maven.org/maven2/org/scala-lang/modules/scala-collection-compat_2.13/2.13.0/scala-collection-compat_2.13-2.13.0.jar
Downloading https://repo1.maven.org/maven2/ch/epfl/scala/bsp4j/2.2.0-M2/bsp4j-2.2.0-M2.jar
Downloaded https://repo1.maven.org/maven2/guru/nidi/graphviz-java-min-deps/0.18.1/graphviz-java-min-deps-0.18.1.jar
Downloading https://repo1.maven.org/maven2/com/lihaoyi/mill-runner-eclipse_3/1.1.0/mill-runner-eclipse_3-1.1.0.jar
Downloaded https://repo1.maven.org/maven2/org/eclipse/xtext/org.eclipse.xtext.xbase.lib/2.28.0/org.eclipse.xtext.xbase.lib-2.28.0.jar
Downloading https://repo1.maven.org/maven2/com/lihaoyi/unroll-annotation_3/0.2.0/unroll-annotation_3-0.2.0.jar
Downloaded https://repo1.maven.org/maven2/org/apache/commons/commons-compress/1.28.0/commons-compress-1.28.0.jar
Downloading https://repo1.maven.org/maven2/org/codehaus/plexus/plexus-container-default/2.1.1/plexus-container-default-2.1.1.jar
Downloaded https://repo1.maven.org/maven2/io/airlift/aircompressor/0.27/aircompressor-0.27.jar
Downloading https://repo1.maven.org/maven2/org/virtuslab/scala-cli/specification-level_3/1.9.1/specification-level_3-1.9.1.jar
Downloaded https://repo1.maven.org/maven2/org/eclipse/xtend/org.eclipse.xtend.lib.macro/2.28.0/org.eclipse.xtend.lib.macro-2.28.0.jar
Downloading https://repo1.maven.org/maven2/com/lihaoyi/ujson_3/4.4.2/ujson_3-4.4.2.jar
Downloaded https://repo1.maven.org/maven2/com/lihaoyi/mill-runner-eclipse_3/1.1.0/mill-runner-eclipse_3-1.1.0.jar
Downloading https://repo1.maven.org/maven2/com/lihaoyi/mill-libs-util-java11_3/1.1.0/mill-libs-util-java11_3-1.1.0.jar
Downloaded https://repo1.maven.org/maven2/ch/epfl/scala/bsp4j/2.2.0-M2/bsp4j-2.2.0-M2.jar
Downloading https://repo1.maven.org/maven2/com/lihaoyi/mill-runner-bsp-worker_3/1.1.0/mill-runner-bsp-worker_3-1.1.0.jar
Downloaded https://repo1.maven.org/maven2/com/lihaoyi/unroll-annotation_3/0.2.0/unroll-annotation_3-0.2.0.jar
Downloading https://repo1.maven.org/maven2/org/scala-lang/scala-library/3.8.1/scala-library-3.8.1.jar
Downloaded https://repo1.maven.org/maven2/org/codehaus/plexus/plexus-container-default/2.1.1/plexus-container-default-2.1.1.jar
Downloading https://repo1.maven.org/maven2/com/lihaoyi/pprint_3/0.9.6/pprint_3-0.9.6.jar
Downloaded https://repo1.maven.org/maven2/org/virtuslab/scala-cli/specification-level_3/1.9.1/specification-level_3-1.9.1.jar
Downloading https://repo1.maven.org/maven2/io/github/alexarchambault/is-terminal/0.1.2/is-terminal-0.1.2.jar
Downloaded https://repo1.maven.org/maven2/com/lihaoyi/ujson_3/4.4.2/ujson_3-4.4.2.jar
Downloading https://repo1.maven.org/maven2/org/codehaus/plexus/plexus-utils/4.0.2/plexus-utils-4.0.2.jar
Downloaded https://repo1.maven.org/maven2/com/lihaoyi/mill-libs-util-java11_3/1.1.0/mill-libs-util-java11_3-1.1.0.jar
Downloading https://repo1.maven.org/maven2/org/checkerframework/checker-qual/3.5.0/checker-qual-3.5.0.jar
Downloaded https://repo1.maven.org/maven2/com/lihaoyi/mill-runner-bsp-worker_3/1.1.0/mill-runner-bsp-worker_3-1.1.0.jar
Downloading https://repo1.maven.org/maven2/com/lihaoyi/sourcecode_3/0.4.4/sourcecode_3-0.4.4.jar
Downloaded https://repo1.maven.org/maven2/com/lihaoyi/pprint_3/0.9.6/pprint_3-0.9.6.jar
Downloading https://repo1.maven.org/maven2/com/google/guava/listenablefuture/9999.0-empty-to-avoid-conflict-with-guava/listenablefuture-9999.0-empty-to-avoid-conflict-with-guava.jar
Downloaded https://repo1.maven.org/maven2/org/codehaus/plexus/plexus-utils/4.0.2/plexus-utils-4.0.2.jar
Downloaded https://repo1.maven.org/maven2/org/checkerframework/checker-qual/3.5.0/checker-qual-3.5.0.jar
Downloaded https://repo1.maven.org/maven2/io/github/alexarchambault/is-terminal/0.1.2/is-terminal-0.1.2.jar
Downloading https://repo1.maven.org/maven2/org/codehaus/plexus/plexus-archiver/4.10.1/plexus-archiver-4.10.1.jar
Downloading https://repo1.maven.org/maven2/com/lihaoyi/upickle-core_3/4.4.2/upickle-core_3-4.4.2.jar
Downloading https://repo1.maven.org/maven2/javax/inject/javax.inject/1/javax.inject-1.jar
Downloaded https://repo1.maven.org/maven2/com/lihaoyi/sourcecode_3/0.4.4/sourcecode_3-0.4.4.jar
Downloading https://repo1.maven.org/maven2/org/slf4j/slf4j-api/2.0.17/slf4j-api-2.0.17.jar
Downloaded https://repo1.maven.org/maven2/com/google/guava/listenablefuture/9999.0-empty-to-avoid-conflict-with-guava/listenablefuture-9999.0-empty-to-avoid-conflict-with-guava.jar
Downloading https://repo1.maven.org/maven2/net/java/dev/jna/jna/5.17.0/jna-5.17.0.jar
Downloaded https://repo1.maven.org/maven2/org/codehaus/plexus/plexus-archiver/4.10.1/plexus-archiver-4.10.1.jar
Downloading https://repo1.maven.org/maven2/com/lihaoyi/requests_3/0.9.2/requests_3-0.9.2.jar
Downloaded https://repo1.maven.org/maven2/org/scala-lang/scala-library/3.8.1/scala-library-3.8.1.jar
Downloading https://repo1.maven.org/maven2/org/jheaps/jheaps/0.11/jheaps-0.11.jar
Downloaded https://repo1.maven.org/maven2/org/slf4j/slf4j-api/2.0.17/slf4j-api-2.0.17.jar
Downloading https://repo1.maven.org/maven2/com/lihaoyi/mill-libs-groovylib_3/1.1.0/mill-libs-groovylib_3-1.1.0.jar
Downloaded https://repo1.maven.org/maven2/com/lihaoyi/upickle-core_3/4.4.2/upickle-core_3-4.4.2.jar
Downloading https://repo1.maven.org/maven2/com/google/guava/guava/30.1-jre/guava-30.1-jre.jar
Downloaded https://repo1.maven.org/maven2/javax/inject/javax.inject/1/javax.inject-1.jar
Downloading https://repo1.maven.org/maven2/com/lihaoyi/mill-runner-idea_3/1.1.0/mill-runner-idea_3-1.1.0.jar
Downloaded https://repo1.maven.org/maven2/com/lihaoyi/requests_3/0.9.2/requests_3-0.9.2.jar
Downloading https://repo1.maven.org/maven2/io/get-coursier/coursier-paths/2.1.25-M23/coursier-paths-2.1.25-M23.jar
Downloaded https://repo1.maven.org/maven2/net/java/dev/jna/jna/5.17.0/jna-5.17.0.jar
Downloading https://repo1.maven.org/maven2/com/lumidion/sonatype-central-client-upickle_3/0.6.0/sonatype-central-client-upickle_3-0.6.0.jar
Downloaded https://repo1.maven.org/maven2/com/lihaoyi/mill-libs-groovylib_3/1.1.0/mill-libs-groovylib_3-1.1.0.jar
Downloading https://repo1.maven.org/maven2/com/lihaoyi/mill-libs-javalib_3/1.1.0/mill-libs-javalib_3-1.1.0.jar
Downloaded https://repo1.maven.org/maven2/com/lihaoyi/mill-runner-idea_3/1.1.0/mill-runner-idea_3-1.1.0.jar
Downloading https://repo1.maven.org/maven2/com/lihaoyi/fansi_3/0.5.1/fansi_3-0.5.1.jar
Downloaded https://repo1.maven.org/maven2/org/jheaps/jheaps/0.11/jheaps-0.11.jar
Downloading https://repo1.maven.org/maven2/com/github/plokhotnyuk/jsoniter-scala/jsoniter-scala-core_2.13/2.13.5/jsoniter-scala-core_2.13-2.13.5.jar
Downloaded https://repo1.maven.org/maven2/com/google/guava/guava/30.1-jre/guava-30.1-jre.jar
Downloading https://repo1.maven.org/maven2/com/lihaoyi/mill-core-constants/1.1.0/mill-core-constants-1.1.0.jar
Downloaded https://repo1.maven.org/maven2/com/lumidion/sonatype-central-client-upickle_3/0.6.0/sonatype-central-client-upickle_3-0.6.0.jar
Downloading https://repo1.maven.org/maven2/org/apache/commons/commons-lang3/3.18.0/commons-lang3-3.18.0.jar
Downloaded https://repo1.maven.org/maven2/io/get-coursier/coursier-paths/2.1.25-M23/coursier-paths-2.1.25-M23.jar
Downloading https://repo1.maven.org/maven2/io/get-coursier/coursier-env_2.13/2.1.25-M23/coursier-env_2.13-2.1.25-M23.jar
Downloaded https://repo1.maven.org/maven2/com/lihaoyi/fansi_3/0.5.1/fansi_3-0.5.1.jar
Downloading https://repo1.maven.org/maven2/org/jline/jline-native/3.29.0/jline-native-3.29.0.jar
Downloaded https://repo1.maven.org/maven2/com/github/plokhotnyuk/jsoniter-scala/jsoniter-scala-core_2.13/2.13.5/jsoniter-scala-core_2.13-2.13.5.jar
Downloading https://repo1.maven.org/maven2/com/lumidion/sonatype-central-client-requests_3/0.6.0/sonatype-central-client-requests_3-0.6.0.jar
Downloaded https://repo1.maven.org/maven2/com/lihaoyi/mill-core-constants/1.1.0/mill-core-constants-1.1.0.jar
Downloading https://repo1.maven.org/maven2/org/apache/xbean/xbean-reflect/3.7/xbean-reflect-3.7.jar
Downloaded https://repo1.maven.org/maven2/org/apache/commons/commons-lang3/3.18.0/commons-lang3-3.18.0.jar
Downloading https://repo1.maven.org/maven2/io/get-coursier/coursier-cache_2.13/2.1.25-M23/coursier-cache_2.13-2.1.25-M23.jar
Downloaded https://repo1.maven.org/maven2/io/get-coursier/coursier-env_2.13/2.1.25-M23/coursier-env_2.13-2.1.25-M23.jar
Downloading https://repo1.maven.org/maven2/org/fusesource/jansi/jansi/2.4.1/jansi-2.4.1.jar
Downloaded https://repo1.maven.org/maven2/com/lihaoyi/mill-libs-javalib_3/1.1.0/mill-libs-javalib_3-1.1.0.jar
Downloading https://repo1.maven.org/maven2/com/lihaoyi/mill-libs-daemon-server_3/1.1.0/mill-libs-daemon-server_3-1.1.0.jar
Downloaded https://repo1.maven.org/maven2/org/jline/jline-native/3.29.0/jline-native-3.29.0.jar
Downloaded https://repo1.maven.org/maven2/com/lumidion/sonatype-central-client-requests_3/0.6.0/sonatype-central-client-requests_3-0.6.0.jar
Downloaded https://repo1.maven.org/maven2/org/apache/xbean/xbean-reflect/3.7/xbean-reflect-3.7.jar
Downloaded https://repo1.maven.org/maven2/io/get-coursier/coursier-cache_2.13/2.1.25-M23/coursier-cache_2.13-2.1.25-M23.jar
Downloaded https://repo1.maven.org/maven2/com/lihaoyi/mill-libs-daemon-server_3/1.1.0/mill-libs-daemon-server_3-1.1.0.jar
Downloaded https://repo1.maven.org/maven2/org/fusesource/jansi/jansi/2.4.1/jansi-2.4.1.jar
Downloading https://repo1.maven.org/maven2/io/get-coursier/jvm/indices/index-linux-amd64/0.0.4-125-77e06d/index-linux-amd64-0.0.4-125-77e06d.pom
Downloaded https://repo1.maven.org/maven2/io/get-coursier/jvm/indices/index-linux-amd64/0.0.4-125-77e06d/index-linux-amd64-0.0.4-125-77e06d.pom
Downloading https://repo1.maven.org/maven2/io/get-coursier/jvm/indices/index-linux-amd64/0.0.4-125-77e06d/index-linux-amd64-0.0.4-125-77e06d.jar
Downloaded https://repo1.maven.org/maven2/io/get-coursier/jvm/indices/index-linux-amd64/0.0.4-125-77e06d/index-linux-amd64-0.0.4-125-77e06d.jar
Downloading https://cdn.azul.com/zulu/bin/zulu21.46.19-ca-jdk21.0.9-linux_x64.tar.gz
Downloaded https://cdn.azul.com/zulu/bin/zulu21.46.19-ca-jdk21.0.9-linux_x64.tar.gz
SLF4J(E): A service provider failed to instantiate:
org.slf4j.spi.SLF4JServiceProvider: Provider ch.qos.logback.classic.spi.LogbackServiceProvider not found
SLF4J(W): No SLF4J providers were found.
SLF4J(W): Defaulting to no-operation (NOP) logger implementation
SLF4J(W): See https://www.slf4j.org/codes.html#noProviders for further details.
/tmp/morphhdl-mill morph[2.12.18].testOnly morph...ryReuseTests morphhdl.NativeSymbolicMemoryTests
build.mill-66] compile compiling 6 Scala sources to out/mill-build/compile.dest/classes ...
build.mill-66] [warn] project/Version.mill:5:25
build.mill-66] import scala.collection.JavaConverters._
build.mill-66]                         ^^^^^^^^^^^^^^
build.mill-66] object JavaConverters in package scala.collection is deprecated since 2.13.0: Use `scala.jdk.CollectionConverters` instead
build.mill-66] 
build.mill-66] [warn] one warning found
build.mill-66] done compiling
520] paramrtl.2_12_18.compile
520] compiling 6 Scala sources to out/paramrtl/2.12.18/compile.dest/classes ...
524] idslpayload.2_12_18.compile
524] compiling 2 Scala sources to out/idslpayload/2.12.18/compile.dest/classes ...
530] sim.2_12_18.compile
530] compiling 17 Scala sources and 10 Java sources to out/sim/2.12.18/compile.dest/classes ...
524] [warn] three deprecations (since 2.11.0); re-run with -deprecation for details
524] [warn] one warning found
524] done compiling
542] idslplugin.2_12_18.compile
542] compiling 2 Scala sources to out/idslplugin/2.12.18/compile.dest/classes ...
542] done compiling
530] [warn] source value 8 is obsolete and will be removed in a future release
530] [warn] target value 8 is obsolete and will be removed in a future release
530] [warn] To suppress warnings about obsolete options, use -Xlint:-options.
530] [warn] sim/src/main/java/spinal/sim/vpi/VectorInt8.java:25:18
530]   protected void finalize() {
530]                  ^
530] finalize() in java.lang.Object has been deprecated and marked for removal
530] 
530] [warn] sim/src/main/java/spinal/sim/vpi/SharedMemIface.java:25:18
530]   protected void finalize() {
530]                  ^
530] finalize() in java.lang.Object has been deprecated and marked for removal
530] 
530] [warn] sim/src/main/java/spinal/sim/xsi/VecI8.java:25:18
530]   protected void finalize() {
530]                  ^
530] finalize() in java.lang.Object has been deprecated and marked for removal
530] 
530] [warn] sim/src/main/java/spinal/sim/xsi/XSIIface.java:25:18
530]   protected void finalize() {
530]                  ^
530] finalize() in java.lang.Object has been deprecated and marked for removal
530] 
530] sim/src/main/java/spinal/sim/DynamicCompiler.java
530] 
530] 
530] DynamicCompiler.java uses or overrides a deprecated API.
530] 
530] sim/src/main/java/spinal/sim/DynamicCompiler.java
530] 
530] 
530] Recompile with -Xlint:deprecation for details.
530] 
530] sim/src/main/java/spinal/sim/DynamicCompiler.java
530] 
530] 
530] DynamicCompiler.java uses unchecked or unsafe operations.
530] 
530] sim/src/main/java/spinal/sim/DynamicCompiler.java
530] 
530] 
530] Recompile with -Xlint:unchecked for details.
530] 
530] done compiling
572] core.2_12_18.compile
572] compiling 82 Scala sources and 2 Java sources to out/core/2.12.18/compile.dest/classes ...
520] done compiling
577] verilogBackend.2_12_18.compile
577] compiling 2 Scala sources to out/verilogBackend/2.12.18/compile.dest/classes ...
577] done compiling
572] [warn] core/src/main/scala/spinal/core/internals/Phase.scala:3230:25
572]                 case d: SpinalEnumCraft[SpinalEnum] => d.init(d.spinalEnum.elements(0))
572]                         ^
572] non-variable type argument spinal.core.SpinalEnum in type pattern spinal.core.SpinalEnumCraft[spinal.core.SpinalEnum] is unchecked since it is eliminated by erasure
572] 
572] [warn] core/src/main/scala/spinal/core/AFix.scala:231:5
572]     roundType match {
572]     ^
572] match may not be exhaustive.
572] It would fail on the following input: SCRAP
572] 
572] [warn] core/src/main/scala/spinal/core/Data.scala:387:29
572]   def dirString(): String = dir match {
572]                             ^
572] match may not be exhaustive.
572] It would fail on the following inputs: inWithNull, outWithNull
572] 
572] [warn] core/src/main/scala/spinal/core/Data.scala:578:16
572]           that.dir match {
572]                ^
572] match may not be exhaustive.
572] It would fail on the following inputs: inWithNull, outWithNull
572] 
572] [warn] core/src/main/scala/spinal/core/SInt.scala:394:5
572]     roundType match {
572]     ^
572] match may not be exhaustive.
572] It would fail on the following input: SCRAP
572] 
572] [warn] core/src/main/scala/spinal/core/UInt.scala:281:5
572]     roundType match{
572]     ^
572] match may not be exhaustive.
572] It would fail on the following input: SCRAP
572] 
572] [warn] core/src/main/scala/spinal/core/fiber/AsyncThread.scala:81:5
572]     done match {
572]     ^
572] match may not be exhaustive.
572] It would fail on the following input: false
572] 
572] [warn] core/src/main/scala/spinal/core/internals/Phase.scala:1697:31
572]           case e: MemReadSync =>
572]                               ^
572] unreachable code
572] 
572] [warn] core/src/main/scala/spinal/core/internals/Phase.scala:3116:12
572]         io.dir match {
572]            ^
572] match may not be exhaustive.
572] It would fail on the following inputs: inWithNull, inout, outWithNull
572] 
572] [warn] core/src/main/scala/spinal/core/internals/PhaseVerilog.scala:615:23
572]         val newName = IFlist match {
572]                       ^
572] match may not be exhaustive.
572] It would fail on the following input: Nil
572] 
572] [warn] four deprecations
572] [warn] two deprecations (since 2.12.0)
572] [warn] 6 deprecations in total; re-run with -deprecation for details
572] [warn] four feature warnings; re-run with -feature for details
572] [warn] 14 warnings found
572] [warn] source value 8 is obsolete and will be removed in a future release
572] [warn] target value 8 is obsolete and will be removed in a future release
572] [warn] To suppress warnings about obsolete options, use -Xlint:-options.
572] done compiling
585] frontend.2_12_18.compile
585] compiling 19 Scala sources to out/frontend/2.12.18/compile.dest/classes ...
587] lib.2_12_18.compile compiling 564 Scala sources to out/lib/2.12.18/compile.dest/classes ...
587] [warn] lib/src/main/scala/spinal/lib/CrossClock.scala:144:15
587]       case c: BufferCC[Data] => {
587]               ^
587] non-variable type argument spinal.core.Data in type pattern spinal.lib.BufferCC[spinal.core.Data] is unchecked since it is eliminated by erasure
587] 
585] [warn] two feature warnings; re-run with -feature for details
585] [warn] one warning found
585] done compiling
592] morph.2_12_18.compile
592] compiling 5 Scala sources to out/morph/2.12.18/compile.dest/classes ...
587] [warn] lib/src/main/scala/spinal/lib/Utils.scala:672:19
587]         case bt : T => solveCombDriver(bt)
587]                   ^
587] abstract type pattern T is unchecked since it is eliminated by erasure
587] 
592] done compiling
593/607] /tmp/morphhdl-mill morph[2.12.18].testOnl...eTests morphhdl.NativeSymbolicMemoryTests 60s
587] lib.2_12_18.compile 4s
592] morph.2_12_18.compile 1s
593] morph.2_12_18.localRunClasspath
594] morph.2_12_18.localClasspath
587] [warn] lib/src/main/scala/spinal/lib/bus/regif/Block/RegInst.scala:94:19
587]           case t: SpinalEnumCraft[SpinalEnum] => t.init(t.spinalEnum.elements(resetValue.toInt))
587]                   ^
587] non-variable type argument spinal.core.SpinalEnum in type pattern spinal.core.SpinalEnumCraft[spinal.core.SpinalEnum] is unchecked since it is eliminated by erasure
587] 
587] [warn] lib/src/main/scala/spinal/lib/Utils.scala:661:32
587]     case e: MemReadSync => body(e)
587]                                ^
587] unreachable code
587] 
587] [warn] lib/src/main/scala/spinal/lib/bus/fabric/MappedConnection.scala:24:55
587]     override def transformers = MappedConnection.this.userMapping match {
587]                                                       ^
587] match may not be exhaustive.
587] It would fail on the following input: Some((x: Any forSome x not in (BigInt, DefaultMapping, spinal.lib.bus.misc.AddressMapping)))
587] 
587] [warn] lib/src/main/scala/spinal/lib/bus/fabric/MappedConnection.scala:34:29
587]       MappedConnection.this.userMapping match {
587]                             ^
587] match may not be exhaustive.
587] It would fail on the following input: Some((x: Any forSome x not in (BigInt, DefaultMapping, spinal.lib.bus.misc.AddressMapping)))
587] 
587] [warn] lib/src/main/scala/spinal/lib/bus/fabric/MappedConnection.scala:48:5
587]     userMapping match {
587]     ^
587] match may not be exhaustive.
587] It would fail on the following input: Some((x: Any forSome x not in (BigInt, DefaultMapping, spinal.lib.bus.misc.AddressMapping)))
587] 
587] [warn] lib/src/main/scala/spinal/lib/bus/fabric/MappedConnection.scala:57:5
587]     userMapping match {
587]     ^
587] match may not be exhaustive.
587] It would fail on the following input: Some((x: Any forSome x not in (BigInt, DefaultMapping, spinal.lib.bus.misc.AddressMapping)))
587] 
587] [warn] lib/src/main/scala/spinal/lib/bus/regif/Block/RegBase.scala:325:7
587]       accType match {
587]       ^
587] Exhaustivity analysis reached max recursion depth, not all missing cases are reported.
587] (Please try with scalac -Ypatmat-exhaust-depth 40 or -Ypatmat-exhaust-depth off.)
587] 
587] [warn] lib/src/main/scala/spinal/lib/bus/regif/Block/RegBase.scala:356:7
587]       accType match {
587]       ^
587] Exhaustivity analysis reached max recursion depth, not all missing cases are reported.
587] (Please try with scalac -Ypatmat-exhaust-depth 40 or -Ypatmat-exhaust-depth off.)
587] 
587] [warn] lib/src/main/scala/spinal/lib/bus/regif/Block/RegInst.scala:320:21
587]     val ret: Bits = acc match {
587]                     ^
587] match may not be exhaustive.
587] It would fail on the following inputs: W1CHS, W1I, W1SHS
587] 
587] [warn] lib/src/main/scala/spinal/lib/bus/regif/Block/RegSlice.scala:35:13
587]       Option(sec) match {
587]             ^
587] match may not be exhaustive.
587] It would fail on the following input: Some((x: spinal.lib.bus.regif.Secure forSome x not in (spinal.lib.bus.regif.Secure.CS, spinal.lib.bus.regif.Secure.MS)))
587] 
587] [warn] lib/src/main/scala/spinal/lib/bus/tilelink/sim/Checker.scala:223:25
587]         inflightC.remove(d.source -> d.address) match {
587]                         ^
587] match may not be exhaustive.
587] It would fail on the following input: None
587] 
587] [warn] lib/src/main/scala/spinal/lib/bus/tilelink/sim/Checker.scala:239:21
587]     inflightD.remove(e.sink) match {
587]                     ^
587] match may not be exhaustive.
587] It would fail on the following input: None
587] 
587] [warn] lib/src/main/scala/spinal/lib/dsptool/FixData.scala:30:26
587]       val rounded = this.roundType match {
587]                          ^
587] match may not be exhaustive.
587] It would fail on the following input: SCRAP
587] 
587] [warn] lib/src/main/scala/spinal/lib/eda/TimingExtractor.scala:143:49
587]     case bt : BaseType if bt.isComb => bt.getTag(classOf[ClockDomainTag]) match {
587]                                                 ^
587] match may not be exhaustive.
587] It would fail on the following input: None
587] 
587] [warn] lib/src/main/scala/spinal/lib/io/InOutVecToBits.scala:22:7
587]     e.getDirection match {
587]       ^
587] match may not be exhaustive.
587] It would fail on the following inputs: inWithNull, inout, outWithNull
587] 
587] [warn] lib/src/main/scala/spinal/lib/io/InOutVecToBits.scala:36:13
587]         key.getDirection match {
587]             ^
587] match may not be exhaustive.
587] It would fail on the following inputs: inWithNull, inout, outWithNull
587] 
587] [warn] lib/src/main/scala/spinal/lib/pipeline/Pipeline.scala:171:22
587]       stageDriver.get(stage) match {
587]                      ^
587] match may not be exhaustive.
587] It would fail on the following input: Some((x: Any forSome x not in Pipeline.this.ConnectionModel))
587] 
587] [warn] lib/src/main/scala/spinal/lib/system/dma/sg/MemoryCore.scala:112:7
587]       (p.writes(self).absolutePriority, p.writes(other).absolutePriority) match {
587]       ^
587] match may not be exhaustive.
587] It would fail on the following input: (true, true)
587] 
587] [warn] lib/src/main/scala/spinal/lib/system/dma/sg/MemoryCore.scala:198:7
587]       (p.reads(self).absolutePriority, p.reads(other).absolutePriority) match {
587]       ^
587] match may not be exhaustive.
587] It would fail on the following input: (true, true)
587] 
587] [warn] lib/src/main/scala/spinal/lib/com/usb/ohci/UsbOhciTilelinkFiber.scala:46:17
587]       if(ctrlCd == phyCd) {
587]                 ^^^^^^^^
587] comparing values of types spinal.core.ClockDomain and spinal.core.fiber.Handle[spinal.core.ClockDomain] using `==` will always yield false
587] 
587] [warn] lib/src/main/scala/spinal/lib/generator/ClockDomainGenerator.scala:272:5
587]     generator
587]     ^
587] multiline expressions might require enclosing parentheses; a value can be silently discarded when Unit is expected
587] 
587] [warn] 23 deprecations
587] [warn] two deprecations (since 2.12.0)
587] [warn] one deprecation (since 2022-12-31)
587] [warn] one deprecation (since 2026.12.30)
587] [warn] 27 deprecations in total; re-run with -deprecation for details
587] [warn] 133 feature warnings; re-run with -feature for details
587] [warn] 29 warnings found
587] done compiling
600] morph.2_12_18.test.compile
600] compiling 31 Scala sources to out/morph/2.12.18/test/compile.dest/classes ...
600] done compiling
607-2] Running Test Class morphhdl.NativeSymbolicMemoryTests
607-0] Running Test Class morphhdl.ParameterizedStreamFifoDepthTests
607-2] [32mNativeSymbolicMemoryTests:[39m
607-1] Running Test Class morphhdl.NativeLibraryReuseTests
607-0] [32mParameterizedStreamFifoDepthTests:[39m
607-2] [Runtime] SpinalHDL dev    git head : cf66eb045df197c1f5287b37fc98e6cd8c4ff5ba
607-2] [Runtime] JVM max memory : 3998.0MiB
607-2] [Runtime] Current date : 2026.08.17 18:27:11
607-0] [Runtime] SpinalHDL dev    git head : cf66eb045df197c1f5287b37fc98e6cd8c4ff5ba
607-2] [Progress] at 0.000 : Elaborate components
607-1] [32mNativeLibraryReuseTests:[39m
607-0] [Runtime] JVM max memory : 3998.0MiB
607-0] [Runtime] Current date : 2026.08.17 18:27:11
607-0] [Progress] at 0.000 : Elaborate components
607-1] [Runtime] SpinalHDL dev    git head : cf66eb045df197c1f5287b37fc98e6cd8c4ff5ba
607-1] [Runtime] JVM max memory : 3998.0MiB
607-1] [Runtime] Current date : 2026.08.17 18:27:11
607-1] [Progress] at 0.000 : Elaborate components
607-2] [Progress] at 0.514 : Checks and transforms
607-1] [Progress] at 0.425 : Checks and transforms
607-2] [Progress] at 0.753 : Generate Verilog to /tmp/morphhdl-single-source-7393640183703550947
607-0] [Progress] at 0.647 : Checks and transforms
607-1] [Progress] at 0.689 : Generate Verilog to /tmp/morphhdl-single-source-14051626404313769151
607-2] [Done] at 1.090
607-0] [Progress] at 0.988 : Generate Verilog to /tmp/morphhdl-single-source-10517459031719863822
607-2] [32m- ordinary Mem readSync and write emit the guarded native single-port contract[39m
607-2] [Runtime] SpinalHDL dev    git head : cf66eb045df197c1f5287b37fc98e6cd8c4ff5ba
607-2] [Runtime] JVM max memory : 3998.0MiB
607-2] [Runtime] Current date : 2026.08.17 18:27:12
607-2] [Progress] at 1.243 : Elaborate components
607-2] [Progress] at 1.288 : Checks and transforms
607-2] [Progress] at 1.315 : Generate Verilog to /tmp/morphhdl-single-source-16445573433319100599
607-2] [Done] at 1.378
607-2] [32m- symbolic read-result storage is widened from a scalar concrete witness[39m
607-2] [Runtime] SpinalHDL dev    git head : cf66eb045df197c1f5287b37fc98e6cd8c4ff5ba
607-2] [Runtime] JVM max memory : 3998.0MiB
607-2] [Runtime] Current date : 2026.08.17 18:27:12
607-2] [Progress] at 1.401 : Elaborate components
607-2] [Progress] at 1.437 : Checks and transforms
607-1] [Warning] 2 signals were pruned. You can call printPruned on the backend report to get more informations.
607-1] [Done] at 1.150
607-2] [Progress] at 1.459 : Generate Verilog to /tmp/morphhdl-single-source-392307922270465356
607-1] [Runtime] SpinalHDL dev    git head : cf66eb045df197c1f5287b37fc98e6cd8c4ff5ba
607-1] [Runtime] JVM max memory : 3998.0MiB
607-1] [Runtime] Current date : 2026.08.17 18:27:12
607-2] [Done] at 1.522
607-1] [Progress] at 1.217 : Elaborate components
607-1] [Progress] at 1.246 : Checks and transforms
607-2] [32m- independent read and write addresses emit the existing simple-dual-port policy[39m
607-1] [Progress] at 1.277 : Generate Verilog to /tmp/morphhdl-native-library-test-11975576860556457023/concrete
607-2] [Runtime] SpinalHDL dev    git head : cf66eb045df197c1f5287b37fc98e6cd8c4ff5ba
607-2] [Runtime] JVM max memory : 3998.0MiB
607-2] [Runtime] Current date : 2026.08.17 18:27:12
607-2] [Progress] at 1.581 : Elaborate components
607-2] [Progress] at 1.614 : Checks and transforms
607-2] [Progress] at 1.625 : Generate Verilog to /tmp/morphhdl-native-memory-test-15473658667664654821
607-1] [Warning] 2 signals were pruned. You can call printPruned on the backend report to get more informations.
607-1] [Done] at 1.343
607-2] [Done] at 1.655
607-2] [32m- ordinary SpinalVerilog remains concrete and ignores retained memory metadata[39m
607-2] [Runtime] SpinalHDL dev    git head : cf66eb045df197c1f5287b37fc98e6cd8c4ff5ba
607-2] [Runtime] JVM max memory : 3998.0MiB
607-2] [Runtime] Current date : 2026.08.17 18:27:12
607-2] [Progress] at 1.671 : Elaborate components
607-0] [Warning] 2 signals were pruned. You can call printPruned on the backend report to get more informations.
607-0] [Done] at 1.542
607-2] [Progress] at 1.695 : Checks and transforms
607-2] [Progress] at 1.713 : Generate Verilog to /tmp/morphhdl-single-source-3275931518877523186
607-1] [32m- ordinary Counter retains a symbolic full-range UInt without replacing the library algorithm[39m
607-1] [Runtime] SpinalHDL dev    git head : cf66eb045df197c1f5287b37fc98e6cd8c4ff5ba
607-0] [Runtime] SpinalHDL dev    git head : cf66eb045df197c1f5287b37fc98e6cd8c4ff5ba
607-1] [Runtime] JVM max memory : 3998.0MiB
607-0] [Runtime] JVM max memory : 3998.0MiB
607-1] [Runtime] Current date : 2026.08.17 18:27:12
607-1] [Progress] at 1.435 : Elaborate components
607-0] [Runtime] Current date : 2026.08.17 18:27:12
607-0] [Progress] at 1.593 : Elaborate components
607-2] spinal.core.ParameterizedVerilogException$.fail(ParameterizedWidth.scala:184)
607-2] spinal.core.internals.ParameterizedVerilogMemories$.fail(ParameterizedVerilogMemories.scala:846)
607-2] spinal.core.internals.ParameterizedVerilogMemories$.analyze(ParameterizedVerilogMemories.scala:195)
607-2] spinal.core.internals.ParameterizedVerilogMemories$.rewrite(ParameterizedVerilogMemories.scala:61)
607-2] spinal.core.internals.PhaseVerilog.$anonfun$compile$7(PhaseVerilog.scala:232)
607-2] spinal.core.internals.PhaseVerilog.$anonfun$impl$4(PhaseVerilog.scala:64)
607-2] spinal.core.internals.PhaseVerilog.$anonfun$impl$4$adapted(PhaseVerilog.scala:63)
607-2] scala.collection.mutable.ResizableArray.foreach(ResizableArray.scala:62)
607-2] scala.collection.mutable.ResizableArray.foreach$(ResizableArray.scala:55)
607-2] scala.collection.mutable.ArrayBuffer.foreach(ArrayBuffer.scala:49)
607-2] spinal.core.internals.PhaseVerilog.impl(PhaseVerilog.scala:63)
607-0] [Progress] at 1.636 : Checks and transforms
607-2] spinal.core.internals.PhaseContext.doPhase(Phase.scala:184)
607-2] spinal.core.internals.SpinalVerilogBoot$.$anonfun$singleShot$8(Phase.scala:3563)
607-2] spinal.core.internals.SpinalVerilogBoot$.$anonfun$singleShot$8$adapted(Phase.scala:3561)
607-2] scala.collection.mutable.ResizableArray.foreach(ResizableArray.scala:62)
607-2] scala.collection.mutable.ResizableArray.foreach$(ResizableArray.scala:55)
607-2] scala.collection.mutable.ArrayBuffer.foreach(ArrayBuffer.scala:49)
607-2] spinal.core.internals.SpinalVerilogBoot$.$anonfun$singleShot$7(Phase.scala:3561)
607-2] spinal.core.ScopeProperty$.sandbox(ScopeProperty.scala:71)
607-2] spinal.core.internals.SpinalVerilogBoot$.singleShot(Phase.scala:3552)
607-2] spinal.core.internals.SpinalVerilogBoot$.apply(Phase.scala:3521)
607-2] spinal.core.Spinal$.apply(Spinal.scala:480)
607-2] spinal.core.SpinalVerilog$.apply(Spinal.scala:514)
607-2] morphhdl.MorphVerilog$.runSingleSourceNative(MorphVerilog.scala:211)
607-2] morphhdl.MorphVerilog$.prepareSingleSource(MorphVerilog.scala:198)
607-2] morphhdl.MorphVerilog$.runSingleSource(MorphVerilog.scala:165)
607-2] morphhdl.MorphVerilog$.morphhdl$MorphVerilog$$tryGenerateSingleSource(MorphVerilog.scala:154)
607-2] morphhdl.MorphVerilog$TryConfigured.apply(MorphVerilog.scala:109)
607-2] morphhdl.NativeSymbolicMemoryTests.$anonfun$new$15(NativeSymbolicMemoryTests.scala:158)
607-2] morphhdl.NativeSymbolicMemoryTests.$anonfun$new$15$adapted(NativeSymbolicMemoryTests.scala:157)
607-2] morphhdl.NativeSymbolicMemoryTests.withTemporaryDirectory(NativeSymbolicMemoryTests.scala:311)
607-0] [Progress] at 1.679 : Generate Verilog to /tmp/morphhdl-streamfifo-depth-test-7629102727462897386/concrete
607-2] morphhdl.NativeSymbolicMemoryTests.$anonfun$new$14(NativeSymbolicMemoryTests.scala:157)
607-2] scala.runtime.java8.JFunction0$mcV$sp.apply(JFunction0$mcV$sp.java:23)
607-2] org.scalatest.OutcomeOf.outcomeOf(OutcomeOf.scala:85)
607-2] org.scalatest.OutcomeOf.outcomeOf$(OutcomeOf.scala:83)
607-2] org.scalatest.OutcomeOf$.outcomeOf(OutcomeOf.scala:104)
607-2] org.scalatest.Transformer.apply(Transformer.scala:22)
607-1] [Progress] at 1.532 : Checks and transforms
607-2] org.scalatest.Transformer.apply(Transformer.scala:20)
607-2] org.scalatest.funsuite.AnyFunSuiteLike$$anon$1.apply(AnyFunSuiteLike.scala:226)
607-2] org.scalatest.TestSuite.withFixture(TestSuite.scala:196)
607-2] org.scalatest.TestSuite.withFixture$(TestSuite.scala:195)
607-2] org.scalatest.funsuite.AnyFunSuite.withFixture(AnyFunSuite.scala:1564)
607-2] org.scalatest.funsuite.AnyFunSuiteLike.invokeWithFixture$1(AnyFunSuiteLike.scala:224)
607-2] org.scalatest.funsuite.AnyFunSuiteLike.$anonfun$runTest$1(AnyFunSuiteLike.scala:236)
607-2] org.scalatest.SuperEngine.runTestImpl(Engine.scala:306)
607-2] org.scalatest.funsuite.AnyFunSuiteLike.runTest(AnyFunSuiteLike.scala:236)
607-2] org.scalatest.funsuite.AnyFunSuiteLike.runTest$(AnyFunSuiteLike.scala:218)
607-2] org.scalatest.funsuite.AnyFunSuite.runTest(AnyFunSuite.scala:1564)
607-2] org.scalatest.funsuite.AnyFunSuiteLike.$anonfun$runTests$1(AnyFunSuiteLike.scala:269)
607-2] org.scalatest.SuperEngine.$anonfun$runTestsInBranch$1(Engine.scala:413)
607-2] scala.collection.immutable.List.foreach(List.scala:431)
607-2] org.scalatest.SuperEngine.traverseSubNodes$1(Engine.scala:401)
607-0] [Warning] 2 signals were pruned. You can call printPruned on the backend report to get more informations.
607-0] [Done] at 1.731
607-2] org.scalatest.SuperEngine.runTestsInBranch(Engine.scala:396)
607-2] org.scalatest.SuperEngine.runTestsImpl(Engine.scala:475)
607-1] [Progress] at 1.579 : Generate Verilog to /tmp/morphhdl-single-source-16591082557632801547
607-2] org.scalatest.funsuite.AnyFunSuiteLike.runTests(AnyFunSuiteLike.scala:269)
607-2] org.scalatest.funsuite.AnyFunSuiteLike.runTests$(AnyFunSuiteLike.scala:268)
607-2] org.scalatest.funsuite.AnyFunSuite.runTests(AnyFunSuite.scala:1564)
607-2] org.scalatest.Suite.run(Suite.scala:1114)
607-2] org.scalatest.Suite.run$(Suite.scala:1096)
607-2] org.scalatest.funsuite.AnyFunSuite.org$scalatest$funsuite$AnyFunSuiteLike$$super$run(AnyFunSuite.scala:1564)
607-2] org.scalatest.funsuite.AnyFunSuiteLike.$anonfun$run$1(AnyFunSuiteLike.scala:273)
607-2] org.scalatest.SuperEngine.runImpl(Engine.scala:535)
607-2] org.scalatest.funsuite.AnyFunSuiteLike.run(AnyFunSuiteLike.scala:273)
607-2] org.scalatest.funsuite.AnyFunSuiteLike.run$(AnyFunSuiteLike.scala:272)
607-2] org.scalatest.funsuite.AnyFunSuite.run(AnyFunSuite.scala:1564)
607-2] org.scalatest.tools.Framework.org$scalatest$tools$Framework$$runSuite(Framework.scala:321)
607-2] org.scalatest.tools.Framework$ScalaTestTask.execute(Framework.scala:517)
607-2] mill.javalib.testrunner.TestRunnerUtils$.executeTasks(TestRunnerUtils.scala:180)
607-2] mill.javalib.testrunner.TestRunnerUtils$.runClaimedTestClass$1(TestRunnerUtils.scala:318)
607-2] mill.javalib.testrunner.TestRunnerUtils$.runTasksFromQueue$$anonfun$1$$anonfun$1(TestRunnerUtils.scala:332)
607-2] mill.javalib.testrunner.TestRunnerUtils$.runTasksFromQueue$$anonfun$1$$anonfun$adapted$1(TestRunnerUtils.scala:332)
607-2] mill.javalib.testrunner.TestRunnerUtils$.logClaim$1(TestRunnerUtils.scala:326)
607-2] mill.javalib.testrunner.TestRunnerUtils$.runTasksFromQueue$$anonfun$1(TestRunnerUtils.scala:332)
607-2] scala.runtime.function.JProcedure1.apply(JProcedure1.java:15)
607-2] scala.runtime.function.JProcedure1.apply(JProcedure1.java:10)
607-2] scala.Option.foreach(Option.scala:437)
607-2] mill.javalib.testrunner.TestRunnerUtils$.runTasksFromQueue(TestRunnerUtils.scala:331)
607-2] mill.javalib.testrunner.TestRunnerUtils$.queueTestFramework0(TestRunnerUtils.scala:379)
607-2] mill.javalib.testrunner.MillTestRunnerMain0$.main0(TestRunnerMain0.scala:33)
607-2] mill.javalib.testrunner.MillTestRunnerMain0.main0(TestRunnerMain0.scala)
607-2] java.base/jdk.internal.reflect.DirectMethodHandleAccessor.invoke(DirectMethodHandleAccessor.java:103)
607-2] java.base/java.lang.reflect.Method.invoke(Method.java:580)
607-2] mill.javalib.testrunner.entrypoint.MillTestRunnerMain.main(MillTestRunnerMain.java:42)
607-2] 
607-2] **********************************************************************************************
607-2] [Warning] Elaboration failed (0 error).
607-2]           Spinal will restart with scala trace to help you to find the problem.
607-2] **********************************************************************************************
607-2] 
607-2] [Progress] at 1.757 : Elaborate components
607-2] [Progress] at 1.777 : Checks and transforms
607-2] [Progress] at 1.797 : Generate Verilog to /tmp/morphhdl-single-source-3275931518877523186
607-2] [32m- read-under-write must be explicitly read-first[39m
607-2] [Runtime] SpinalHDL dev    git head : cf66eb045df197c1f5287b37fc98e6cd8c4ff5ba
607-2] [Runtime] JVM max memory : 3998.0MiB
607-2] [Runtime] Current date : 2026.08.17 18:27:13
607-2] [Progress] at 1.847 : Elaborate components
607-2] [Progress] at 1.867 : Checks and transforms
607-1] [Done] at 1.689
607-2] [Progress] at 1.875 : Generate Verilog to /tmp/morphhdl-single-source-8683117856641733229
607-2] spinal.core.ParameterizedVerilogException$.fail(ParameterizedWidth.scala:184)
607-2] spinal.core.internals.ParameterizedVerilogMemories$.fail(ParameterizedVerilogMemories.scala:846)
607-2] spinal.core.internals.ParameterizedVerilogMemories$.requireExplicitEnable(ParameterizedVerilogMemories.scala:472)
607-2] spinal.core.internals.ParameterizedVerilogMemories$.analyze(ParameterizedVerilogMemories.scala:214)
607-1] [Runtime] SpinalHDL dev    git head : cf66eb045df197c1f5287b37fc98e6cd8c4ff5ba
607-1] [Runtime] JVM max memory : 3998.0MiB
607-2] spinal.core.internals.ParameterizedVerilogMemories$.rewrite(ParameterizedVerilogMemories.scala:61)
607-1] [Runtime] Current date : 2026.08.17 18:27:13
607-2] spinal.core.internals.PhaseVerilog.$anonfun$compile$7(PhaseVerilog.scala:232)
607-1] [Progress] at 1.705 : Elaborate components
607-2] spinal.core.internals.PhaseVerilog.$anonfun$impl$4(PhaseVerilog.scala:64)
607-2] spinal.core.internals.PhaseVerilog.$anonfun$impl$4$adapted(PhaseVerilog.scala:63)
607-2] scala.collection.mutable.ResizableArray.foreach(ResizableArray.scala:62)
607-2] scala.collection.mutable.ResizableArray.foreach$(ResizableArray.scala:55)
607-2] scala.collection.mutable.ArrayBuffer.foreach(ArrayBuffer.scala:49)
607-2] spinal.core.internals.PhaseVerilog.impl(PhaseVerilog.scala:63)
607-1] [Progress] at 1.727 : Checks and transforms
607-2] spinal.core.internals.PhaseContext.doPhase(Phase.scala:184)
607-2] spinal.core.internals.SpinalVerilogBoot$.$anonfun$singleShot$8(Phase.scala:3563)
607-2] spinal.core.internals.SpinalVerilogBoot$.$anonfun$singleShot$8$adapted(Phase.scala:3561)
607-2] scala.collection.mutable.ResizableArray.foreach(ResizableArray.scala:62)
607-2] scala.collection.mutable.ResizableArray.foreach$(ResizableArray.scala:55)
607-2] scala.collection.mutable.ArrayBuffer.foreach(ArrayBuffer.scala:49)
607-2] spinal.core.internals.SpinalVerilogBoot$.$anonfun$singleShot$7(Phase.scala:3561)
607-2] spinal.core.ScopeProperty$.sandbox(ScopeProperty.scala:71)
607-2] spinal.core.internals.SpinalVerilogBoot$.singleShot(Phase.scala:3552)
607-2] spinal.core.internals.SpinalVerilogBoot$.apply(Phase.scala:3521)
607-2] spinal.core.Spinal$.apply(Spinal.scala:480)
607-2] spinal.core.SpinalVerilog$.apply(Spinal.scala:514)
607-2] morphhdl.MorphVerilog$.runSingleSourceNative(MorphVerilog.scala:211)
607-2] morphhdl.MorphVerilog$.prepareSingleSource(MorphVerilog.scala:198)
607-1] [Progress] at 1.761 : Generate Verilog to /tmp/morphhdl-native-library-test-13114261253432597798/concrete
607-2] morphhdl.MorphVerilog$.runSingleSource(MorphVerilog.scala:165)
607-2] morphhdl.MorphVerilog$.morphhdl$MorphVerilog$$tryGenerateSingleSource(MorphVerilog.scala:154)
607-2] morphhdl.MorphVerilog$TryConfigured.apply(MorphVerilog.scala:109)
607-2] morphhdl.NativeSymbolicMemoryTests.$anonfun$new$18(NativeSymbolicMemoryTests.scala:183)
607-2] morphhdl.NativeSymbolicMemoryTests.$anonfun$new$18$adapted(NativeSymbolicMemoryTests.scala:182)
607-2] morphhdl.NativeSymbolicMemoryTests.withTemporaryDirectory(NativeSymbolicMemoryTests.scala:311)
607-2] morphhdl.NativeSymbolicMemoryTests.$anonfun$new$17(NativeSymbolicMemoryTests.scala:182)
607-2] scala.runtime.java8.JFunction0$mcV$sp.apply(JFunction0$mcV$sp.java:23)
607-2] org.scalatest.OutcomeOf.outcomeOf(OutcomeOf.scala:85)
607-2] org.scalatest.OutcomeOf.outcomeOf$(OutcomeOf.scala:83)
607-2] org.scalatest.OutcomeOf$.outcomeOf(OutcomeOf.scala:104)
607-2] org.scalatest.Transformer.apply(Transformer.scala:22)
607-2] org.scalatest.Transformer.apply(Transformer.scala:20)
607-2] org.scalatest.funsuite.AnyFunSuiteLike$$anon$1.apply(AnyFunSuiteLike.scala:226)
607-2] org.scalatest.TestSuite.withFixture(TestSuite.scala:196)
607-2] org.scalatest.TestSuite.withFixture$(TestSuite.scala:195)
607-0] --- BEGIN PARAMETERIZED FIFO RTL depth=3 ---
607-0] module StreamFifo #(
607-2] org.scalatest.funsuite.AnyFunSuite.withFixture(AnyFunSuite.scala:1564)
607-0]   parameter integer DEPTH = 5
607-2] org.scalatest.funsuite.AnyFunSuiteLike.invokeWithFixture$1(AnyFunSuiteLike.scala:224)
607-0] ) (
607-0]   input  wire          io_push_valid,
607-0]   output wire          io_push_ready,
607-0]   input  wire [7:0]    io_push_payload,
607-2] org.scalatest.funsuite.AnyFunSuiteLike.$anonfun$runTest$1(AnyFunSuiteLike.scala:236)
607-0]   output wire          io_pop_valid,
607-0]   input  wire          io_pop_ready,
607-2] org.scalatest.SuperEngine.runTestImpl(Engine.scala:306)
607-2] org.scalatest.funsuite.AnyFunSuiteLike.runTest(AnyFunSuiteLike.scala:236)
607-0]   output wire [7:0]    io_pop_payload,
607-1] [Done] at 1.803
607-2] org.scalatest.funsuite.AnyFunSuiteLike.runTest$(AnyFunSuiteLike.scala:218)
607-2] org.scalatest.funsuite.AnyFunSuite.runTest(AnyFunSuite.scala:1564)
607-0]   input  wire          io_flush,
607-2] org.scalatest.funsuite.AnyFunSuiteLike.$anonfun$runTests$1(AnyFunSuiteLike.scala:269)
607-2] org.scalatest.SuperEngine.$anonfun$runTestsInBranch$1(Engine.scala:413)
607-0]   output wire [clog2((DEPTH + 1), 1)-1:0]    io_occupancy,
607-0]   output wire [clog2((DEPTH + 1), 1)-1:0]    io_availability,
607-0]   input  wire          clk,
607-2] scala.collection.immutable.List.foreach(List.scala:431)
607-2] org.scalatest.SuperEngine.traverseSubNodes$1(Engine.scala:401)
607-0]   input  wire          reset
607-0] );
607-2] org.scalatest.SuperEngine.runTestsInBranch(Engine.scala:396)
607-0] 
607-0]   function integer clog2;
607-2] org.scalatest.SuperEngine.runTestsImpl(Engine.scala:475)
607-0]     input integer value;
607-0]     input integer minimum_result;
607-2] org.scalatest.funsuite.AnyFunSuiteLike.runTests(AnyFunSuiteLike.scala:269)
607-2] org.scalatest.funsuite.AnyFunSuiteLike.runTests$(AnyFunSuiteLike.scala:268)
607-0]     integer remaining;
607-2] org.scalatest.funsuite.AnyFunSuite.runTests(AnyFunSuite.scala:1564)
607-0]     begin
607-2] org.scalatest.Suite.run(Suite.scala:1114)
607-0]       clog2 = 0;
607-0]       for (remaining = value - 1; remaining > 0; remaining = remaining >> 1) begin
607-0]         clog2 = clog2 + 1;
607-0]       end
607-0]       if (clog2 < minimum_result) begin
607-2] org.scalatest.Suite.run$(Suite.scala:1096)
607-0]         clog2 = minimum_result;
607-0]       end
607-0]     end
607-0]   endfunction
607-2] org.scalatest.funsuite.AnyFunSuite.org$scalatest$funsuite$AnyFunSuiteLike$$super$run(AnyFunSuite.scala:1564)
607-0] 
607-2] org.scalatest.funsuite.AnyFunSuiteLike.$anonfun$run$1(AnyFunSuiteLike.scala:273)
607-0] 
607-0]   reg        [7:0]    logic_ram_spinal_port1;
607-2] org.scalatest.SuperEngine.runImpl(Engine.scala:535)
607-0]   wire       [2:0]    _zz_logic_ptr_notPow2_counter;
607-2] org.scalatest.funsuite.AnyFunSuiteLike.run(AnyFunSuiteLike.scala:273)
607-0]   wire       [2:0]    _zz_logic_ptr_notPow2_counter_1;
607-2] org.scalatest.funsuite.AnyFunSuiteLike.run$(AnyFunSuiteLike.scala:272)
607-0]   wire       [0:0]    _zz_logic_ptr_notPow2_counter_2;
607-2] org.scalatest.funsuite.AnyFunSuite.run(AnyFunSuite.scala:1564)
607-0]   wire       [2:0]    _zz_logic_ptr_notPow2_counter_3;
607-0]   wire       [0:0]    _zz_logic_ptr_notPow2_counter_4;
607-2] org.scalatest.tools.Framework.org$scalatest$tools$Framework$$runSuite(Framework.scala:321)
607-0]   reg                 _zz_1;
607-2] org.scalatest.tools.Framework$ScalaTestTask.execute(Framework.scala:517)
607-0]   wire                logic_ptr_doPush;
607-2] mill.javalib.testrunner.TestRunnerUtils$.executeTasks(TestRunnerUtils.scala:180)
607-2] mill.javalib.testrunner.TestRunnerUtils$.runClaimedTestClass$1(TestRunnerUtils.scala:318)
607-0]   wire                logic_ptr_doPop;
607-0]   wire                logic_ptr_full;
607-2] mill.javalib.testrunner.TestRunnerUtils$.runTasksFromQueue$$anonfun$1$$anonfun$1(TestRunnerUtils.scala:332)
607-0]   wire                logic_ptr_empty;
607-2] mill.javalib.testrunner.TestRunnerUtils$.runTasksFromQueue$$anonfun$1$$anonfun$adapted$1(TestRunnerUtils.scala:332)
607-2] mill.javalib.testrunner.TestRunnerUtils$.logClaim$1(TestRunnerUtils.scala:326)
607-0]   reg        [clog2(DEPTH, 1)-1:0]    logic_ptr_push;
607-2] mill.javalib.testrunner.TestRunnerUtils$.runTasksFromQueue$$anonfun$1(TestRunnerUtils.scala:332)
607-0]   reg        [clog2(DEPTH, 1)-1:0]    logic_ptr_pop;
607-0]   wire       [clog2((DEPTH + 1), 1)-1:0]    logic_ptr_occupancy;
607-0]   wire       [clog2(DEPTH, 1)-1:0]    logic_ptr_popOnIo;
607-0]   wire                when_Stream_l1573;
607-0]   reg                 logic_ptr_wentUp;
607-0]   wire                when_Stream_l1608;
607-0]   wire                when_Stream_l1612;
607-2] scala.runtime.function.JProcedure1.apply(JProcedure1.java:15)
607-2] scala.runtime.function.JProcedure1.apply(JProcedure1.java:10)
607-2] scala.Option.foreach(Option.scala:437)
607-2] mill.javalib.testrunner.TestRunnerUtils$.runTasksFromQueue(TestRunnerUtils.scala:331)
607-2] mill.javalib.testrunner.TestRunnerUtils$.queueTestFramework0(TestRunnerUtils.scala:379)
607-2] mill.javalib.testrunner.MillTestRunnerMain0$.main0(TestRunnerMain0.scala:33)
607-2] mill.javalib.testrunner.MillTestRunnerMain0.main0(TestRunnerMain0.scala)
607-0]   reg        [2:0]    logic_ptr_notPow2_counter;
607-2] java.base/jdk.internal.reflect.DirectMethodHandleAccessor.invoke(DirectMethodHandleAccessor.java:103)
607-0]   wire                io_push_fire;
607-2] java.base/java.lang.reflect.Method.invoke(Method.java:580)
607-2] mill.javalib.testrunner.entrypoint.MillTestRunnerMain.main(MillTestRunnerMain.java:42)
607-0]   wire                io_pop_fire;
607-2] 
607-0]   wire                logic_push_onRam_write_valid;
607-2] **********************************************************************************************
607-0]   wire       [clog2(DEPTH, 1)-1:0]    logic_push_onRam_write_payload_address;
607-0]   wire       [7:0]    logic_push_onRam_write_payload_data;
607-2] [Warning] Elaboration failed (0 error).
607-0]   wire                logic_pop_addressGen_valid;
607-2]           Spinal will restart with scala trace to help you to find the problem.
607-0]   reg                 logic_pop_addressGen_ready;
607-2] **********************************************************************************************
607-0]   wire       [2:0]    logic_pop_addressGen_payload;
607-0]   wire                logic_pop_addressGen_fire;
607-0]   wire                logic_pop_sync_readArbitration_valid;
607-0]   wire                logic_pop_sync_readArbitration_ready;
607-2] 
607-0]   wire       [2:0]    logic_pop_sync_readArbitration_payload;
607-0]   reg                 logic_pop_addressGen_rValid;
607-0]   reg        [2:0]    logic_pop_addressGen_rData;
607-2] [Progress] at 1.902 : Elaborate components
607-0]   wire                when_Stream_l477;
607-0]   wire                logic_pop_sync_readPort_cmd_valid;
607-0]   wire       [2:0]    logic_pop_sync_readPort_cmd_payload;
607-2] [Progress] at 1.914 : Checks and transforms
607-1] [32m- ordinary Stream and Flow pipeline primitives preserve one symbolic payload shape[39m
607-2] [Progress] at 1.941 : Generate Verilog to /tmp/morphhdl-single-source-8683117856641733229
607-2] [32m- both read and write require explicit active-high enables[39m
607-1] [Runtime] SpinalHDL dev    git head : cf66eb045df197c1f5287b37fc98e6cd8c4ff5ba
607-0]   wire       [7:0]    logic_pop_sync_readPort_rsp;
607-2] [Runtime] SpinalHDL dev    git head : cf66eb045df197c1f5287b37fc98e6cd8c4ff5ba
607-1] [Runtime] JVM max memory : 3998.0MiB
607-0]   wire                logic_pop_addressGen_toFlowFire_valid;
607-1] [Runtime] Current date : 2026.08.17 18:27:13
607-2] [Runtime] JVM max memory : 3998.0MiB
607-0]   wire       [2:0]    logic_pop_addressGen_toFlowFire_payload;
607-1] [Progress] at 1.916 : Elaborate components
607-2] [Runtime] Current date : 2026.08.17 18:27:13
607-0]   wire                logic_pop_sync_readArbitration_translated_valid;
607-2] [Progress] at 1.973 : Elaborate components
607-0]   wire                logic_pop_sync_readArbitration_translated_ready;
607-2] [Progress] at 1.997 : Checks and transforms
607-0]   wire       [7:0]    logic_pop_sync_readArbitration_translated_payload;
607-2] [Progress] at 2.016 : Generate Verilog to /tmp/morphhdl-single-source-2707761825075228859
607-0]   wire                logic_pop_sync_readArbitration_fire;
607-2] spinal.core.ParameterizedVerilogException$.fail(ParameterizedWidth.scala:184)
607-0]   reg        [2:0]    logic_pop_sync_popReg;
607-2] spinal.core.internals.ParameterizedVerilogMemories$.fail(ParameterizedVerilogMemories.scala:846)
607-0]   reg [7:0] logic_ram [0:DEPTH-1];
607-2] spinal.core.internals.ParameterizedVerilogMemories$.validateAddressWidth(ParameterizedVerilogMemories.scala:365)
607-0] 
607-0]   assign _zz_logic_ptr_notPow2_counter = (logic_ptr_notPow2_counter + _zz_logic_ptr_notPow2_counter_1);
607-2] spinal.core.internals.ParameterizedVerilogMemories$.analyze(ParameterizedVerilogMemories.scala:257)
607-0]   assign _zz_logic_ptr_notPow2_counter_2 = io_push_fire;
607-2] spinal.core.internals.ParameterizedVerilogMemories$.rewrite(ParameterizedVerilogMemories.scala:61)
607-0]   assign _zz_logic_ptr_notPow2_counter_1 = {2'd0, _zz_logic_ptr_notPow2_counter_2};
607-2] spinal.core.internals.PhaseVerilog.$anonfun$compile$7(PhaseVerilog.scala:232)
607-2] spinal.core.internals.PhaseVerilog.$anonfun$impl$4(PhaseVerilog.scala:64)
607-2] spinal.core.internals.PhaseVerilog.$anonfun$impl$4$adapted(PhaseVerilog.scala:63)
607-0]   assign _zz_logic_ptr_notPow2_counter_4 = io_pop_fire;
607-2] scala.collection.mutable.ResizableArray.foreach(ResizableArray.scala:62)
607-2] scala.collection.mutable.ResizableArray.foreach$(ResizableArray.scala:55)
607-0]   assign _zz_logic_ptr_notPow2_counter_3 = {2'd0, _zz_logic_ptr_notPow2_counter_4};
607-2] scala.collection.mutable.ArrayBuffer.foreach(ArrayBuffer.scala:49)
607-0] 
607-0]   always @(*) begin
607-0]     _zz_1 = 1'b0;
607-0]     if(logic_push_onRam_write_valid) begin
607-0]       _zz_1 = 1'b1;
607-2] spinal.core.internals.PhaseVerilog.impl(PhaseVerilog.scala:63)
607-0]     end
607-2] spinal.core.internals.PhaseContext.doPhase(Phase.scala:184)
607-0]   end
607-2] spinal.core.internals.SpinalVerilogBoot$.$anonfun$singleShot$8(Phase.scala:3563)
607-0] 
607-2] spinal.core.internals.SpinalVerilogBoot$.$anonfun$singleShot$8$adapted(Phase.scala:3561)
607-0]   assign when_Stream_l1573 = (logic_ptr_doPush != logic_ptr_doPop);
607-2] scala.collection.mutable.ResizableArray.foreach(ResizableArray.scala:62)
607-0]   assign logic_ptr_full = ((logic_ptr_push == logic_ptr_popOnIo) && logic_ptr_wentUp);
607-2] scala.collection.mutable.ResizableArray.foreach$(ResizableArray.scala:55)
607-0]   assign logic_ptr_empty = ((logic_ptr_push == logic_ptr_pop) && (! logic_ptr_wentUp));
607-2] scala.collection.mutable.ArrayBuffer.foreach(ArrayBuffer.scala:49)
607-0]   assign when_Stream_l1608 = (logic_ptr_push == (DEPTH - 1));
607-2] spinal.core.internals.SpinalVerilogBoot$.$anonfun$singleShot$7(Phase.scala:3561)
607-0]   assign when_Stream_l1612 = (logic_ptr_pop == (DEPTH - 1));
607-0]   assign io_push_fire = (io_push_valid && io_push_ready);
607-2] spinal.core.ScopeProperty$.sandbox(ScopeProperty.scala:71)
607-0]   assign io_pop_fire = (io_pop_valid && io_pop_ready);
607-2] spinal.core.internals.SpinalVerilogBoot$.singleShot(Phase.scala:3552)
607-0]   assign logic_ptr_occupancy = logic_ptr_notPow2_counter;
607-2] spinal.core.internals.SpinalVerilogBoot$.apply(Phase.scala:3521)
607-0]   assign io_push_ready = ((DEPTH == 1) ? ((io_occupancy == 0) || (io_pop_valid && io_pop_ready)) : ((! logic_ptr_full)));
607-2] spinal.core.Spinal$.apply(Spinal.scala:480)
607-1] [Progress] at 1.996 : Checks and transforms
607-0]   assign logic_ptr_doPush = io_push_fire;
607-2] spinal.core.SpinalVerilog$.apply(Spinal.scala:514)
607-2] morphhdl.MorphVerilog$.runSingleSourceNative(MorphVerilog.scala:211)
607-0]   assign logic_push_onRam_write_valid = io_push_fire;
607-2] morphhdl.MorphVerilog$.prepareSingleSource(MorphVerilog.scala:198)
607-0]   assign logic_push_onRam_write_payload_address = logic_ptr_push;
607-2] morphhdl.MorphVerilog$.runSingleSource(MorphVerilog.scala:165)
607-0]   assign logic_push_onRam_write_payload_data = io_push_payload;
607-2] morphhdl.MorphVerilog$.morphhdl$MorphVerilog$$tryGenerateSingleSource(MorphVerilog.scala:154)
607-0]   assign logic_pop_addressGen_valid = (! logic_ptr_empty);
607-2] morphhdl.MorphVerilog$TryConfigured.apply(MorphVerilog.scala:109)
607-0]   assign logic_pop_addressGen_payload = logic_ptr_pop;
607-2] morphhdl.NativeSymbolicMemoryTests.$anonfun$new$21(NativeSymbolicMemoryTests.scala:210)
607-0]   assign logic_pop_addressGen_fire = (logic_pop_addressGen_valid && logic_pop_addressGen_ready);
607-2] morphhdl.NativeSymbolicMemoryTests.$anonfun$new$21$adapted(NativeSymbolicMemoryTests.scala:209)
607-0]   assign logic_ptr_doPop = logic_pop_addressGen_fire;
607-2] morphhdl.NativeSymbolicMemoryTests.withTemporaryDirectory(NativeSymbolicMemoryTests.scala:311)
607-0]   always @(*) begin
607-2] morphhdl.NativeSymbolicMemoryTests.$anonfun$new$20(NativeSymbolicMemoryTests.scala:209)
607-0]     logic_pop_addressGen_ready = logic_pop_sync_readArbitration_ready;
607-2] scala.runtime.java8.JFunction0$mcV$sp.apply(JFunction0$mcV$sp.java:23)
607-0]     if(when_Stream_l477) begin
607-2] org.scalatest.OutcomeOf.outcomeOf(OutcomeOf.scala:85)
607-2] org.scalatest.OutcomeOf.outcomeOf$(OutcomeOf.scala:83)
607-2] org.scalatest.OutcomeOf$.outcomeOf(OutcomeOf.scala:104)
607-1] [Progress] at 2.024 : Generate Verilog to /tmp/morphhdl-single-source-5525353788136476320
607-2] org.scalatest.Transformer.apply(Transformer.scala:22)
607-0]       logic_pop_addressGen_ready = 1'b1;
607-0]     end
607-2] org.scalatest.Transformer.apply(Transformer.scala:20)
607-0]   end
607-2] org.scalatest.funsuite.AnyFunSuiteLike$$anon$1.apply(AnyFunSuiteLike.scala:226)
607-0] 
607-2] org.scalatest.TestSuite.withFixture(TestSuite.scala:196)
607-0]   assign when_Stream_l477 = (! logic_pop_sync_readArbitration_valid);
607-2] org.scalatest.TestSuite.withFixture$(TestSuite.scala:195)
607-0]   assign logic_pop_sync_readArbitration_valid = logic_pop_addressGen_rValid;
607-2] org.scalatest.funsuite.AnyFunSuite.withFixture(AnyFunSuite.scala:1564)
607-0]   assign logic_pop_sync_readArbitration_payload = logic_pop_addressGen_rData;
607-2] org.scalatest.funsuite.AnyFunSuiteLike.invokeWithFixture$1(AnyFunSuiteLike.scala:224)
607-2] org.scalatest.funsuite.AnyFunSuiteLike.$anonfun$runTest$1(AnyFunSuiteLike.scala:236)
607-2] org.scalatest.SuperEngine.runTestImpl(Engine.scala:306)
607-0]   assign logic_pop_sync_readPort_rsp = logic_ram_spinal_port1;
607-2] org.scalatest.funsuite.AnyFunSuiteLike.runTest(AnyFunSuiteLike.scala:236)
607-0]   assign logic_pop_addressGen_toFlowFire_valid = logic_pop_addressGen_fire;
607-2] org.scalatest.funsuite.AnyFunSuiteLike.runTest$(AnyFunSuiteLike.scala:218)
607-2] org.scalatest.funsuite.AnyFunSuite.runTest(AnyFunSuite.scala:1564)
607-0]   assign logic_pop_addressGen_toFlowFire_payload = logic_pop_addressGen_payload;
607-2] org.scalatest.funsuite.AnyFunSuiteLike.$anonfun$runTests$1(AnyFunSuiteLike.scala:269)
607-0]   assign logic_pop_sync_readPort_cmd_valid = logic_pop_addressGen_toFlowFire_valid;
607-0]   assign logic_pop_sync_readPort_cmd_payload = logic_pop_addressGen_toFlowFire_payload;
607-0]   assign logic_pop_sync_readArbitration_translated_valid = logic_pop_sync_readArbitration_valid;
607-2] org.scalatest.SuperEngine.$anonfun$runTestsInBranch$1(Engine.scala:413)
607-0]   assign logic_pop_sync_readArbitration_ready = logic_pop_sync_readArbitration_translated_ready;
607-2] scala.collection.immutable.List.foreach(List.scala:431)
607-0]   assign logic_pop_sync_readArbitration_translated_payload = logic_pop_sync_readPort_rsp;
607-2] org.scalatest.SuperEngine.traverseSubNodes$1(Engine.scala:401)
607-2] org.scalatest.SuperEngine.runTestsInBranch(Engine.scala:396)
607-0]   assign io_pop_valid = logic_pop_sync_readArbitration_translated_valid;
607-2] org.scalatest.SuperEngine.runTestsImpl(Engine.scala:475)
607-2] org.scalatest.funsuite.AnyFunSuiteLike.runTests(AnyFunSuiteLike.scala:269)
607-0]   assign logic_pop_sync_readArbitration_translated_ready = io_pop_ready;
607-2] org.scalatest.funsuite.AnyFunSuiteLike.runTests$(AnyFunSuiteLike.scala:268)
607-0]   assign io_pop_payload = logic_pop_sync_readArbitration_translated_payload;
607-2] org.scalatest.funsuite.AnyFunSuite.runTests(AnyFunSuite.scala:1564)
607-0]   assign logic_pop_sync_readArbitration_fire = (logic_pop_sync_readArbitration_valid && logic_pop_sync_readArbitration_ready);
607-2] org.scalatest.Suite.run(Suite.scala:1114)
607-2] org.scalatest.Suite.run$(Suite.scala:1096)
607-2] org.scalatest.funsuite.AnyFunSuite.org$scalatest$funsuite$AnyFunSuiteLike$$super$run(AnyFunSuite.scala:1564)
607-0]   assign logic_ptr_popOnIo = logic_pop_sync_popReg;
607-2] org.scalatest.funsuite.AnyFunSuiteLike.$anonfun$run$1(AnyFunSuiteLike.scala:273)
607-0]   assign io_occupancy = logic_ptr_occupancy;
607-2] org.scalatest.SuperEngine.runImpl(Engine.scala:535)
607-0]   assign io_availability = (DEPTH - logic_ptr_occupancy);
607-2] org.scalatest.funsuite.AnyFunSuiteLike.run(AnyFunSuiteLike.scala:273)
607-2] org.scalatest.funsuite.AnyFunSuiteLike.run$(AnyFunSuiteLike.scala:272)
607-0]   always @(posedge clk) begin
607-2] org.scalatest.funsuite.AnyFunSuite.run(AnyFunSuite.scala:1564)
607-0]     if(reset) begin
607-2] org.scalatest.tools.Framework.org$scalatest$tools$Framework$$runSuite(Framework.scala:321)
607-0]       logic_ptr_push <= 3'b000;
607-2] org.scalatest.tools.Framework$ScalaTestTask.execute(Framework.scala:517)
607-0]       logic_ptr_pop <= 3'b000;
607-2] mill.javalib.testrunner.TestRunnerUtils$.executeTasks(TestRunnerUtils.scala:180)
607-0]       logic_ptr_wentUp <= 1'b0;
607-2] mill.javalib.testrunner.TestRunnerUtils$.runClaimedTestClass$1(TestRunnerUtils.scala:318)
607-2] mill.javalib.testrunner.TestRunnerUtils$.runTasksFromQueue$$anonfun$1$$anonfun$1(TestRunnerUtils.scala:332)
607-0]       logic_ptr_notPow2_counter <= 3'b000;
607-2] mill.javalib.testrunner.TestRunnerUtils$.runTasksFromQueue$$anonfun$1$$anonfun$adapted$1(TestRunnerUtils.scala:332)
607-0]       logic_pop_addressGen_rValid <= 1'b0;
607-2] mill.javalib.testrunner.TestRunnerUtils$.logClaim$1(TestRunnerUtils.scala:326)
607-0]       logic_pop_sync_popReg <= 3'b000;
607-2] mill.javalib.testrunner.TestRunnerUtils$.runTasksFromQueue$$anonfun$1(TestRunnerUtils.scala:332)
607-0]     end else begin
607-2] scala.runtime.function.JProcedure1.apply(JProcedure1.java:15)
607-0]       if(when_Stream_l1573) begin
607-2] scala.runtime.function.JProcedure1.apply(JProcedure1.java:10)
607-0]         logic_ptr_wentUp <= logic_ptr_doPush;
607-2] scala.Option.foreach(Option.scala:437)
607-0]       end
607-2] mill.javalib.testrunner.TestRunnerUtils$.runTasksFromQueue(TestRunnerUtils.scala:331)
607-0]       if(io_flush) begin
607-2] mill.javalib.testrunner.TestRunnerUtils$.queueTestFramework0(TestRunnerUtils.scala:379)
607-0]         logic_ptr_wentUp <= 1'b0;
607-2] mill.javalib.testrunner.MillTestRunnerMain0$.main0(TestRunnerMain0.scala:33)
607-0]       end
607-0]       if(logic_ptr_doPush) begin
607-2] mill.javalib.testrunner.MillTestRunnerMain0.main0(TestRunnerMain0.scala)
607-0]         logic_ptr_push <= (logic_ptr_push + 3'b001);
607-2] java.base/jdk.internal.reflect.DirectMethodHandleAccessor.invoke(DirectMethodHandleAccessor.java:103)
607-0]         if(when_Stream_l1608) begin
607-2] java.base/java.lang.reflect.Method.invoke(Method.java:580)
607-0]           logic_ptr_push <= 3'b000;
607-2] mill.javalib.testrunner.entrypoint.MillTestRunnerMain.main(MillTestRunnerMain.java:42)
607-0]         end
607-2] 
607-0]       end
607-2] **********************************************************************************************
607-0]       if(logic_ptr_doPop) begin
607-2] [Warning] Elaboration failed (0 error).
607-0]         logic_ptr_pop <= (logic_ptr_pop + 3'b001);
607-2]           Spinal will restart with scala trace to help you to find the problem.
607-2] **********************************************************************************************
607-1] [Warning] 4 signals were pruned. You can call printPruned on the backend report to get more informations.
607-0]         if(when_Stream_l1612) begin
607-0]           logic_ptr_pop <= 3'b000;
607-0]         end
607-1] [Done] at 2.133
607-0]       end
607-1] [Runtime] SpinalHDL dev    git head : cf66eb045df197c1f5287b37fc98e6cd8c4ff5ba
607-1] [Runtime] JVM max memory : 3998.0MiB
607-1] [Runtime] Current date : 2026.08.17 18:27:13
607-2] 
607-1] [Progress] at 2.139 : Elaborate components
607-0]       if(io_flush) begin
607-2] [Progress] at 2.039 : Elaborate components
607-0]         logic_ptr_push <= 3'b000;
607-2] [Progress] at 2.075 : Checks and transforms
607-0]         logic_ptr_pop <= 3'b000;
607-2] [Progress] at 2.092 : Generate Verilog to /tmp/morphhdl-single-source-2707761825075228859
607-2] [32m- address capacity is proven over the complete depth domain[39m
607-0]       end
607-1] [Progress] at 2.149 : Checks and transforms
607-2] [Runtime] SpinalHDL dev    git head : cf66eb045df197c1f5287b37fc98e6cd8c4ff5ba
607-0]       logic_ptr_notPow2_counter <= (_zz_logic_ptr_notPow2_counter - _zz_logic_ptr_notPow2_counter_3);
607-2] [Runtime] JVM max memory : 3998.0MiB
607-0]       if(io_flush) begin
607-2] [Runtime] Current date : 2026.08.17 18:27:13
607-0]         logic_ptr_notPow2_counter <= 3'b000;
607-2] [Progress] at 2.142 : Elaborate components
607-0]       end
607-2] [Progress] at 2.177 : Checks and transforms
607-0]       if(logic_pop_addressGen_ready) begin
607-0]         logic_pop_addressGen_rValid <= logic_pop_addressGen_valid;
607-0]       end
607-0]       if(io_flush) begin
607-0]         logic_pop_addressGen_rValid <= 1'b0;
607-0]       end
607-0]       if(logic_pop_sync_readArbitration_fire) begin
607-0]         logic_pop_sync_popReg <= logic_ptr_pop;
607-0]       end
607-0]       if(io_flush) begin
607-0]         logic_pop_sync_popReg <= 3'b000;
607-2] [Progress] at 2.187 : Generate Verilog to /tmp/morphhdl-single-source-14163936589066416440
607-0]       end
607-0]     end
607-0]   end
607-0] 
607-0]   always @(posedge clk) begin
607-0]     if(logic_pop_addressGen_ready) begin
607-0]       logic_pop_addressGen_rData <= logic_pop_addressGen_payload;
607-2] spinal.core.ParameterizedVerilogException$.fail(ParameterizedWidth.scala:184)
607-0]     end
607-2] spinal.core.internals.ParameterizedVerilogMemories$.fail(ParameterizedVerilogMemories.scala:846)
607-1] [Progress] at 2.168 : Generate Verilog to /tmp/morphhdl-native-library-test-15039897687999237729/concrete
607-0]   end
607-2] spinal.core.internals.ParameterizedVerilogMemories$.analyze(ParameterizedVerilogMemories.scala:188)
607-0] 
607-2] spinal.core.internals.ParameterizedVerilogMemories$.rewrite(ParameterizedVerilogMemories.scala:61)
607-0] 
607-2] spinal.core.internals.PhaseVerilog.$anonfun$compile$7(PhaseVerilog.scala:232)
607-2] spinal.core.internals.PhaseVerilog.$anonfun$impl$4(PhaseVerilog.scala:64)
607-0] 
607-0]   always @(posedge clk) begin : p_logic_ram
607-2] spinal.core.internals.PhaseVerilog.$anonfun$impl$4$adapted(PhaseVerilog.scala:63)
607-0]     if (logic_pop_sync_readPort_cmd_payload < DEPTH) begin
607-1] [Warning] 4 signals were pruned. You can call printPruned on the backend report to get more informations.
607-2] scala.collection.mutable.ResizableArray.foreach(ResizableArray.scala:62)
607-0]       if (logic_pop_sync_readPort_cmd_valid == 1'b1) begin
607-1] [Done] at 2.187
607-0]         logic_ram_spinal_port1 <= logic_ram[logic_pop_sync_readPort_cmd_payload];
607-2] scala.collection.mutable.ResizableArray.foreach$(ResizableArray.scala:55)
607-2] scala.collection.mutable.ArrayBuffer.foreach(ArrayBuffer.scala:49)
607-2] spinal.core.internals.PhaseVerilog.impl(PhaseVerilog.scala:63)
607-0]       end
607-2] spinal.core.internals.PhaseContext.doPhase(Phase.scala:184)
607-0]     end else if (logic_pop_sync_readPort_cmd_valid == 1'b1) begin
607-0]       logic_ram_spinal_port1 <= {8{1'b0}};
607-0]     end
607-0]     if (logic_push_onRam_write_payload_address < DEPTH) begin
607-2] spinal.core.internals.SpinalVerilogBoot$.$anonfun$singleShot$8(Phase.scala:3563)
607-0]       if (_zz_1 == 1'b1) begin
607-2] spinal.core.internals.SpinalVerilogBoot$.$anonfun$singleShot$8$adapted(Phase.scala:3561)
607-0]         logic_ram[logic_push_onRam_write_payload_address] <= logic_push_onRam_write_payload_data;
607-2] scala.collection.mutable.ResizableArray.foreach(ResizableArray.scala:62)
607-1] [32m- ordinary StreamFifo reuses its native static-depth storage with a symbolic payload width[39m
607-2] scala.collection.mutable.ResizableArray.foreach$(ResizableArray.scala:55)
607-0]       end
607-2] scala.collection.mutable.ArrayBuffer.foreach(ArrayBuffer.scala:49)
607-0]     end
607-2] spinal.core.internals.SpinalVerilogBoot$.$anonfun$singleShot$7(Phase.scala:3561)
607-0]   end
607-2] spinal.core.ScopeProperty$.sandbox(ScopeProperty.scala:71)
607-0] 
607-2] spinal.core.internals.SpinalVerilogBoot$.singleShot(Phase.scala:3552)
607-0] endmodule
607-2] spinal.core.internals.SpinalVerilogBoot$.apply(Phase.scala:3521)
607-0] 
607-2] spinal.core.Spinal$.apply(Spinal.scala:480)
607-0] --- END PARAMETERIZED FIFO RTL depth=3 ---
607-2] spinal.core.SpinalVerilog$.apply(Spinal.scala:514)
607-1] [36mRun completed in 3 seconds, 439 milliseconds.[39m
607-0] [31m- one native StreamFifo definition preserves behavior at depths 1, 3, 5 and 8 *** FAILED ***[39m
607-1] [36mTotal number of tests run: 3[39m
607-1] [36mSuites: completed 1, aborted 0[39m
607-0] [31m  "FAIL depth=3: push timeout[39m
607-2] morphhdl.MorphVerilog$.runSingleSourceNative(MorphVerilog.scala:211)
607-1] [36mTests: succeeded 3, failed 0, canceled 0, ignored 0, pending 0[39m
607-1] [32mAll tests passed.[39m
607-0] [31m  " did not contain "PASS depth=3" FAIL depth=3: push timeout (ParameterizedStreamFifoDepthTests.scala:227)[39m
607-2] morphhdl.MorphVerilog$.prepareSingleSource(MorphVerilog.scala:198)
607-0] [36mRun completed in 3 seconds, 125 milliseconds.[39m
607-2] morphhdl.MorphVerilog$.runSingleSource(MorphVerilog.scala:165)
607-0] [36mTotal number of tests run: 1[39m
607-2] morphhdl.MorphVerilog$.morphhdl$MorphVerilog$$tryGenerateSingleSource(MorphVerilog.scala:154)
607-0] [36mSuites: completed 1, aborted 0[39m
607-2] morphhdl.MorphVerilog$TryConfigured.apply(MorphVerilog.scala:109)
607-0] [36mTests: succeeded 0, failed 1, canceled 0, ignored 0, pending 0[39m
607-2] morphhdl.NativeSymbolicMemoryTests.$anonfun$new$24(NativeSymbolicMemoryTests.scala:239)
607-0] [31m*** 1 TEST FAILED ***[39m
607-2] morphhdl.NativeSymbolicMemoryTests.$anonfun$new$24$adapted(NativeSymbolicMemoryTests.scala:238)
607-2] morphhdl.NativeSymbolicMemoryTests.withTemporaryDirectory(NativeSymbolicMemoryTests.scala:311)
607-2] morphhdl.NativeSymbolicMemoryTests.$anonfun$new$23(NativeSymbolicMemoryTests.scala:238)
607-2] scala.runtime.java8.JFunction0$mcV$sp.apply(JFunction0$mcV$sp.java:23)
607-2] org.scalatest.OutcomeOf.outcomeOf(OutcomeOf.scala:85)
607-2] org.scalatest.OutcomeOf.outcomeOf$(OutcomeOf.scala:83)
607-2] org.scalatest.OutcomeOf$.outcomeOf(OutcomeOf.scala:104)
607-2] org.scalatest.Transformer.apply(Transformer.scala:22)
607-2] org.scalatest.Transformer.apply(Transformer.scala:20)
607-2] org.scalatest.funsuite.AnyFunSuiteLike$$anon$1.apply(AnyFunSuiteLike.scala:226)
607-2] org.scalatest.TestSuite.withFixture(TestSuite.scala:196)
607-2] org.scalatest.TestSuite.withFixture$(TestSuite.scala:195)
607-2] org.scalatest.funsuite.AnyFunSuite.withFixture(AnyFunSuite.scala:1564)
607-2] org.scalatest.funsuite.AnyFunSuiteLike.invokeWithFixture$1(AnyFunSuiteLike.scala:224)
607-2] org.scalatest.funsuite.AnyFunSuiteLike.$anonfun$runTest$1(AnyFunSuiteLike.scala:236)
607-2] org.scalatest.SuperEngine.runTestImpl(Engine.scala:306)
607-2] org.scalatest.funsuite.AnyFunSuiteLike.runTest(AnyFunSuiteLike.scala:236)
607-2] org.scalatest.funsuite.AnyFunSuiteLike.runTest$(AnyFunSuiteLike.scala:218)
607-2] org.scalatest.funsuite.AnyFunSuite.runTest(AnyFunSuite.scala:1564)
607-2] org.scalatest.funsuite.AnyFunSuiteLike.$anonfun$runTests$1(AnyFunSuiteLike.scala:269)
607-2] org.scalatest.SuperEngine.$anonfun$runTestsInBranch$1(Engine.scala:413)
607-2] scala.collection.immutable.List.foreach(List.scala:431)
607-2] org.scalatest.SuperEngine.traverseSubNodes$1(Engine.scala:401)
607-2] org.scalatest.SuperEngine.runTestsInBranch(Engine.scala:396)
607-2] org.scalatest.SuperEngine.runTestsImpl(Engine.scala:475)
607-2] org.scalatest.funsuite.AnyFunSuiteLike.runTests(AnyFunSuiteLike.scala:269)
607-2] org.scalatest.funsuite.AnyFunSuiteLike.runTests$(AnyFunSuiteLike.scala:268)
607-2] org.scalatest.funsuite.AnyFunSuite.runTests(AnyFunSuite.scala:1564)
607-2] org.scalatest.Suite.run(Suite.scala:1114)
607-2] org.scalatest.Suite.run$(Suite.scala:1096)
607-2] org.scalatest.funsuite.AnyFunSuite.org$scalatest$funsuite$AnyFunSuiteLike$$super$run(AnyFunSuite.scala:1564)
607-2] org.scalatest.funsuite.AnyFunSuiteLike.$anonfun$run$1(AnyFunSuiteLike.scala:273)
607-2] org.scalatest.SuperEngine.runImpl(Engine.scala:535)
607-2] org.scalatest.funsuite.AnyFunSuiteLike.run(AnyFunSuiteLike.scala:273)
607-2] org.scalatest.funsuite.AnyFunSuiteLike.run$(AnyFunSuiteLike.scala:272)
607-2] org.scalatest.funsuite.AnyFunSuite.run(AnyFunSuite.scala:1564)
607-2] org.scalatest.tools.Framework.org$scalatest$tools$Framework$$runSuite(Framework.scala:321)
607-2] org.scalatest.tools.Framework$ScalaTestTask.execute(Framework.scala:517)
607-2] mill.javalib.testrunner.TestRunnerUtils$.executeTasks(TestRunnerUtils.scala:180)
607-2] mill.javalib.testrunner.TestRunnerUtils$.runClaimedTestClass$1(TestRunnerUtils.scala:318)
607-2] mill.javalib.testrunner.TestRunnerUtils$.runTasksFromQueue$$anonfun$1$$anonfun$1(TestRunnerUtils.scala:332)
607-2] mill.javalib.testrunner.TestRunnerUtils$.runTasksFromQueue$$anonfun$1$$anonfun$adapted$1(TestRunnerUtils.scala:332)
607-2] mill.javalib.testrunner.TestRunnerUtils$.logClaim$1(TestRunnerUtils.scala:326)
607-2] mill.javalib.testrunner.TestRunnerUtils$.runTasksFromQueue$$anonfun$1(TestRunnerUtils.scala:332)
607-2] scala.runtime.function.JProcedure1.apply(JProcedure1.java:15)
607-2] scala.runtime.function.JProcedure1.apply(JProcedure1.java:10)
607-2] scala.Option.foreach(Option.scala:437)
607-2] mill.javalib.testrunner.TestRunnerUtils$.runTasksFromQueue(TestRunnerUtils.scala:331)
607-2] mill.javalib.testrunner.TestRunnerUtils$.queueTestFramework0(TestRunnerUtils.scala:379)
607-2] mill.javalib.testrunner.MillTestRunnerMain0$.main0(TestRunnerMain0.scala:33)
607-2] mill.javalib.testrunner.MillTestRunnerMain0.main0(TestRunnerMain0.scala)
607-2] java.base/jdk.internal.reflect.DirectMethodHandleAccessor.invoke(DirectMethodHandleAccessor.java:103)
607-2] java.base/java.lang.reflect.Method.invoke(Method.java:580)
607-2] mill.javalib.testrunner.entrypoint.MillTestRunnerMain.main(MillTestRunnerMain.java:42)
607-2] 
607-2] **********************************************************************************************
607-2] [Warning] Elaboration failed (0 error).
607-2]           Spinal will restart with scala trace to help you to find the problem.
607-2] **********************************************************************************************
607-2] 
607-2] [Progress] at 2.217 : Elaborate components
607-2] [Progress] at 2.232 : Checks and transforms
607-2] [Progress] at 2.238 : Generate Verilog to /tmp/morphhdl-single-source-14163936589066416440
607-2] [32m- write masks remain outside the whole-word Increment 35 contract[39m
607-2] [36mRun completed in 3 seconds, 374 milliseconds.[39m
607-2] [36mTotal number of tests run: 8[39m
607-2] [36mSuites: completed 1, aborted 0[39m
607-2] [36mTests: succeeded 8, failed 0, canceled 0, ignored 0, pending 0[39m
607-2] [32mAll tests passed.[39m
607/607, 1 FAILED] /tmp/morphhdl-mill morph[2.12.18].te... morphhdl.NativeSymbolicMemoryTests 110s
607] [error] morph.2_12_18.test.testOnly 1 tests failed: 
  morphhdl.ParameterizedStreamFifoDepthTests one native StreamFifo definition preserves behavior at depths 1, 3, 5 and 8
